"filling_avg_temp","filling_fq_Maximum_temperature..31","filling_fq_Precipitation_amount..0.1","filling_fq_Precipitation_amount..40","filling_fq_Snow_depth..1","filling_length_days","filling_since_nyear_days","filling_since_seed_days","filling_sk_Maximum_temperature..31","filling_sk_Precipitation_amount..0.1","filling_sk_Precipitation_amount..40","filling_sk_Snow_depth..1","filling_total_prec","generative_avg_temp","generative_fq_Maximum_temperature..31","generative_fq_Precipitation_amount..0.1","generative_fq_Precipitation_amount..40","generative_fq_Snow_depth..1","generative_length_days","generative_since_nyear_days","generative_since_seed_days","generative_sk_Maximum_temperature..31","generative_sk_Precipitation_amount..0.1","generative_sk_Precipitation_amount..40","generative_sk_Snow_depth..1","generative_total_prec","NA_avg_temp","NA_fq_Maximum_temperature..31","NA_fq_Minimum_temperature...15","NA_fq_Precipitation_amount..0.1","NA_fq_Precipitation_amount..40","NA_fq_Snow_depth..1","NA_fq_Snow_depth..4","NA_length_days","NA_sk_Maximum_temperature..31","NA_sk_Minimum_temperature...15","NA_sk_Precipitation_amount..0.1","NA_sk_Precipitation_amount..40","NA_sk_Snow_depth..1","NA_sk_Snow_depth..4","NA_total_prec","vegetative_avg_temp","vegetative_fq_Maximum_temperature..31","vegetative_fq_Precipitation_amount..0.1","vegetative_fq_Precipitation_amount..40","vegetative_fq_Snow_depth..1","vegetative_fq_Snow_depth..4","vegetative_length_days","vegetative_since_nyear_days","vegetative_sk_Maximum_temperature..31","vegetative_sk_Precipitation_amount..0.1","vegetative_sk_Precipitation_amount..40","vegetative_sk_Snow_depth..1","vegetative_sk_Snow_depth..4","vegetative_total_prec","critical_events","filling","generative","NA.","vegetative","area"
13.46,0,22,0,60,60,202,70,0,7,0,60,174.4,13.7069444444444,0,10,0,36,36,166,34,0,5,0,36,69,-2.10765957446809,0,33,116,0,81,153,235,0,8,17,0,53,107,291.5,8.98235294117647,0,22,0,34,0,34,132,0,11,0,34,0,31.3,905,82,46,383,56,40.4
14.8950980392157,0,29,0,51,51,192,51,0,15,0,51,130.6,16.5553571428571,0,16,0,28,28,164,23,0,12,0,28,37.4,-2.44980988593156,0,51,105,0,107,154,263,0,23,15,0,100,123,444.6,11.1913043478261,0,13,0,23,0,23,141,0,7,0,23,0,35.4,974,80,44,417,36,42.7
16.5151162790698,0,19,0,43,43,196,58,0,8,0,43,137.3,13.6094594594595,0,27,0,37,37,159,21,0,9,0,37,33.6,-0.377083333333333,0,46,100,0,129,132,264,0,14,6,0,103,103,453.4,12.1261904761905,0,11,0,21,0,21,138,0,5,0,21,0,49.1,914,62,64,407,32,42.2
14.7038461538462,0,30,0,52,52,193,52,0,7,0,52,106.9,16.4892857142857,0,16,0,28,28,165,24,0,8,0,28,72.5,-1.59751908396947,0,32,116,0,102,126,262,0,20,15,0,91,90,382.7,10.6604166666667,0,17,0,24,0,24,141,0,12,0,24,0,10.7,890,82,44,376,41,43.5
15.6904255319149,0,37,0,47,47,194,57,0,16,0,47,62.5,15.4741935483871,0,17,0,31,31,163,26,0,9,0,31,74.6,-2.15708812260536,0,52,135,1,103,156,261,0,7,16,1,92,108,468.8,10.4942307692308,0,22,0,26,0,26,137,0,15,0,26,0,5.4,995,84,48,447,48,41.6
15.2540816326531,0,23,0,49,49,190,54,0,8,0,49,164.1,15.4758064516129,0,22,0,31,31,159,23,0,13,0,31,25.9,-1.75992366412214,0,38,119,0,91,162,262,0,9,11,0,77,123,431.4,11.204347826087,0,11,0,23,0,23,136,0,5,0,23,0,34.9,918,72,53,410,34,43.1
15.3927083333333,0,25,0,48,48,192,55,0,9,0,48,113.2,14.0157142857143,0,24,0,35,35,157,20,0,5,0,35,21.2,-0.663358778625954,0,35,132,0,113,140,262,0,6,14,0,88,105,344.9,12.1225,0,14,0,20,0,20,137,0,6,0,20,0,9.3,922,73,59,420,34,45.3
18.5054054054054,0,22,0,37,37,186,48,0,7,0,37,126.4,17.2222222222222,0,20,0,27,27,159,21,0,11,0,27,18.7,0.926334519572954,0,28,140,1,145,129,281,0,5,28,1,93,104,414.7,11.7261904761905,0,10,0,21,0,21,138,0,5,0,21,0,27.1,919,59,47,443,31,39.7
17.8064102564103,0,27,0,39,39,185,45,0,10,0,39,43,16.0637931034483,0,21,0,29,29,156,16,0,11,0,29,84,0.0644128113879004,0,26,131,0,142,122,281,0,7,10,0,87,56,423.2,14.015625,0,12,0,16,0,16,140,0,8,0,16,0,9,838,66,50,421,28,40.1
14.6423076923077,0,22,0,52,52,199,62,0,5,0,52,152.1,15.134375,0,15,0,32,32,167,30,0,3,0,32,85.1,1.25956175298805,0,4,121,0,117,129,251,0,1,19,0,98,98,494.3,9.81666666666667,0,16,0,30,0,30,137,0,5,0,30,0,44.7,881,74,47,371,46,41
16.15,0,30,0,45,45,194,60,0,12,0,45,84.3,14.4676470588235,0,25,0,34,34,160,26,0,14,0,34,42.6,1.69692307692308,0,10,131,0,139,97,260,0,3,10,0,88,23,343.4,10.4576923076923,0,13,0,26,0,26,134,0,5,0,26,0,34.2,810,75,59,377,39,45.3
11.5883561643836,0,50,0,73,73,201,63,0,15,0,73,135.9,14.0914285714286,0,18,0,35,35,166,28,0,5,0,35,48.1,-3.54869565217391,0,47,114,0,88,132,230,0,7,17,0,43,100,244.4,10.3089285714286,0,20,0,28,0,28,138,0,7,0,28,0,20.5,935,123,53,381,48,43.7
11.4184931506849,0,43,0,73,73,200,60,0,12,0,73,137,14.2444444444444,0,14,0,36,36,164,24,0,4,0,36,113.6,-1.95883620689655,0,34,90,0,77,152,232,0,7,6,0,47,113,440.6,10.58125,0,19,0,24,0,24,140,0,9,0,24,0,31,893,116,50,353,43,34.5
13.8061403508772,0,25,0,57,57,188,50,0,10,0,57,178.3,14.4397058823529,0,18,0,34,34,154,16,0,5,0,34,76.1,-2.74166666666667,0,55,144,0,120,136,258,0,16,12,0,96,101,265.8,13.9375,0,16,0,16,0,16,138,0,16,0,16,0,0.1,984,82,52,455,32,40.5
15.6457446808511,0,19,0,47,47,187,48,0,6,0,47,165.1,14.5205882352941,0,17,0,34,34,153,14,0,7,0,34,89,-0.498518518518518,0,37,129,0,119,140,270,0,7,10,0,103,110,432.3,15.2821428571429,0,11,0,14,0,14,139,0,5,0,14,0,1.6,910,66,51,425,25,39.6
15.6351063829787,0,28,0,47,47,192,58,0,11,0,47,90.5,14.8712121212121,0,19,0,33,33,159,25,0,5,0,33,69.5,-1.60785440613027,0,47,136,0,92,168,261,0,10,20,0,81,98,428.8,10.354,0,19,0,25,0,25,134,0,8,0,25,0,32.1,952,75,52,443,44,38.9
14.7411764705882,0,17,1,51,51,192,52,0,6,1,51,247.6,14.1357142857143,0,14,0,35,35,157,17,0,6,0,35,144.6,-1.01641221374046,0,30,118,0,99,154,262,0,8,16,0,87,108,448.5,13.85,0,13,0,17,0,17,140,0,4,0,17,0,10.5,888,69,49,401,30,36.9
14.223,0,31,0,50,50,201,63,0,9,0,50,102.7,13.2692307692308,0,27,0,39,39,162,24,0,8,0,39,76.5,-0.39047619047619,0,31,155,0,114,130,252,0,13,15,0,68,98,308.3,11.1583333333333,0,21,0,24,0,24,138,0,11,0,24,0,12.9,957,81,66,430,45,38.4
16.4548780487805,0,26,0,41,41,189,54,0,6,0,41,80.7,13.9027777777778,0,26,0,36,36,153,18,0,5,0,36,45.8,0.616111111111111,0,37,148,0,130,131,270,0,11,13,0,129,79,440.3,13.0916666666667,0,10,0,18,0,18,135,0,6,0,18,0,28.4,947,67,62,446,28,35.8
14.153,0,31,1,50,50,192,53,0,9,1,50,155.2,13.17625,0,21,0,40,40,152,13,0,5,0,40,109.5,0.479657794676806,0,28,136,0,124,134,263,0,6,18,0,118,106,509.9,16.2307692307692,0,10,0,13,0,13,139,0,7,0,13,0,11,961,82,61,422,23,27.7
15.4277777777778,0,21,0,45,45,196,54,0,9,0,45,169,15.6666666666667,0,21,0,30,30,166,24,0,7,0,30,52.9,-3.2203007518797,0,67,159,0,114,150,266,0,24,11,0,91,112,405.4,11.0520833333333,0,15,0,24,0,24,142,0,7,0,24,0,30.8,1006,66,51,490,39,32.3
15.9738095238095,0,23,1,42,42,187,50,0,7,1,42,150.9,16.3620689655172,0,25,0,29,29,158,21,0,25,0,29,10.5,-0.71007326007326,0,53,149,0,138,129,273,0,10,17,0,106,100,489.8,11.8309523809524,0,10,0,21,0,21,137,0,3,0,21,0,62.8,981,66,54,469,31,32.2
10.7427536231884,0,31,0,69,69,204,60,0,13,0,69,235.1,14.0485714285714,0,26,0,35,35,169,25,0,12,0,35,71.4,-3.45741525423729,0,51,160,0,83,148,236,0,16,25,0,83,105,225.3,10.67,0,15,0,25,0,25,144,0,8,0,25,0,60.1,1034,100,61,442,40,31.2
18.5057142857143,0,18,0,35,35,182,45,0,7,0,35,103,17.0711538461538,0,18,0,26,26,156,19,0,7,0,26,38.6,0.604195804195804,0,27,140,0,112,173,286,0,5,13,0,103,119,547.9,12.6421052631579,0,15,0,19,0,19,137,0,5,0,19,0,26.3,922,53,44,452,34,28.5
16.4085365853659,0,22,0,41,41,183,51,0,9,0,41,118.8,16.2120689655172,0,19,0,29,29,154,22,0,8,0,29,29.5,2.56336996336996,0,13,145,0,151,118,273,0,9,16,0,147,76,409,11.4181818181818,0,16,0,22,0,22,132,0,11,0,22,0,24,944,63,48,427,38,34.6
15.6261363636364,0,22,0,44,44,192,68,0,8,0,44,98.7,13.8097222222222,0,21,0,36,36,156,32,0,8,0,36,53.2,1.51304347826087,0,11,133,0,134,112,253,0,4,14,0,99,53,469,9.6109375,0,22,0,32,0,32,124,0,11,0,32,0,43.9,876,66,57,390,54,33.1
16.5225,0,20,0,40,40,197,64,0,11,0,40,106.1,16.1913793103448,0,16,0,29,29,168,35,0,7,0,29,47.2,1.0044061302682,0,19,138,0,139,116,261,0,5,13,0,122,96,387.2,9.14,0,17,0,35,0,35,133,0,5,0,35,0,59.7,932,60,45,412,52,26.6
16.369512195122,1,23,0,41,41,186,50,1,6,0,41,89.2,14.6514705882353,0,24,0,34,34,152,16,0,13,0,34,47.1,1.49909090909091,0,9,120,0,94,174,275,0,2,15,0,75,105,533.1,13.959375,0,15,0,16,0,16,136,0,15,0,16,0,2.2,874,65,58,397,31,26.2
13.8141509433962,0,19,0,53,53,194,64,0,3,0,53,238.6,12.3534090909091,0,24,0,44,44,150,20,0,5,0,44,72.4,-0.309677419354839,0,9,150,0,138,101,248,0,3,30,0,113,69,258.5,12.315,0,16,0,20,0,20,130,0,8,0,20,0,3.9,922,72,68,398,36,25.2
17.4364864864865,3,26,0,37,37,197,65,3,7,0,37,61.8,16.3051724137931,1,21,0,29,29,168,36,1,15,0,29,29.6,0.12148288973384,0,30,135,0,126,136,263,0,16,26,0,115,100,435.9,8.92083333333333,0,18,0,36,0,36,132,0,4,0,36,0,65.5,987,66,51,427,54,27.5
15.6186046511628,0,29,0,43,43,186,39,0,12,0,43,35.6,15.96,0,14,0,30,30,156,9,0,4,0,30,46.9,1.4839222614841,0,20,140,1,123,160,283,0,8,13,1,103,113,566.1,20.3277777777778,0,7,0,9,0,9,147,0,4,0,9,0,5.3,916,72,44,444,16,23.2
16.2146341463415,0,32,0,41,41,200,59,0,23,0,41,32,13.4960526315789,0,11,1,38,38,162,21,0,4,1,38,150.4,-0.306015037593985,0,37,131,0,125,134,266,0,6,13,0,80,111,365.7,12.1190476190476,0,14,0,21,0,21,141,0,4,0,21,0,44.6,927,73,50,427,35,29
17.1210526315789,0,24,0,38,38,189,49,0,13,0,38,113.5,17.5211538461538,0,15,0,26,26,163,23,0,6,0,26,74.1,1.15791366906475,0,14,148,0,161,113,278,0,5,10,0,135,69,386.7,11.195652173913,0,21,0,23,0,23,140,0,11,0,23,0,3.1,919,62,41,436,44,29.3
13.5481818181818,0,20,0,55,55,197,57,0,9,0,55,193,14.9545454545455,0,11,0,33,33,164,24,0,5,0,33,133.9,-0.297233201581028,0,29,133,0,91,157,253,0,4,11,0,85,110,379.3,10.74375,0,10,0,24,0,24,140,0,2,0,24,0,49.2,901,75,44,410,34,36.5
17.8256756756757,1,22,0,37,37,180,46,1,8,0,37,46.2,18.8391304347826,0,20,0,23,23,157,23,0,10,0,23,6.2,1.43687943262411,0,24,141,0,146,134,282,0,7,24,0,139,106,515.7,11.2869565217391,0,12,0,23,0,23,134,0,5,0,23,0,25,966,60,43,445,35,39.1
15.6883720930233,0,14,0,43,43,188,57,0,2,0,43,168.6,14.7590909090909,0,19,0,33,33,155,24,0,4,0,33,65.4,2.85432330827068,0,10,141,0,152,113,266,0,3,17,0,98,104,467.9,11.16875,0,14,0,24,0,24,131,0,10,0,24,0,30.6,901,57,52,416,38,38.6
17.4945945945946,0,20,0,37,37,191,60,0,8,0,37,116.4,17.3865384615385,0,19,0,26,26,165,34,0,10,0,26,12.3,0.913992537313433,0,32,136,0,119,145,268,0,6,22,0,106,96,416.7,9.38676470588235,0,12,0,34,0,34,131,0,5,0,34,0,121,930,57,45,432,46,40.5
17.9180555555556,0,21,0,36,36,180,57,0,12,0,36,118.6,15.6161290322581,0,18,0,31,31,149,26,0,7,0,31,80.9,0.961580882352941,0,24,172,0,124,146,272,0,4,28,0,118,88,296.8,10.475,0,19,0,26,0,26,123,0,11,0,26,0,38.7,978,57,49,466,45,44.4
19.2921875,0,23,0,32,32,195,56,0,8,0,32,51.8,14.1555555555556,0,19,0,36,36,159,20,0,8,0,36,62.9,0.738447653429603,0,30,151,0,160,112,277,0,12,16,0,107,88,492.3,12.145,0,13,0,20,0,20,139,0,4,0,20,0,11.3,927,55,55,453,33,43.5
15.9607142857143,0,19,1,42,42,203,72,0,10,1,42,199.3,14.0069444444444,0,13,1,36,36,167,36,0,4,1,36,179.1,0.457738095238095,0,20,142,0,119,125,252,0,5,16,0,114,100,327,8.92777777777778,0,18,0,36,0,36,131,0,4,0,36,0,92.6,941,62,50,406,54,33
17.2552631578947,0,15,0,38,38,190,59,0,6,0,38,121.2,14.8575757575758,0,22,0,33,33,157,26,0,11,0,33,56.6,1.51268656716418,0,28,156,0,136,127,268,0,11,20,0,108,73,339.7,10.6057692307692,0,12,0,26,0,26,131,0,4,0,26,0,54.9,923,53,55,447,38,33.6
17.05,0,34,0,39,39,188,55,0,20,0,39,45.7,17.778,0,17,0,25,25,163,30,0,6,0,25,25.4,1.64317343173432,0,34,142,0,138,132,271,0,8,23,0,100,109,489.7,9.69,0,20,0,30,0,30,133,0,9,0,30,0,46.9,980,73,42,446,50,34
16.9346153846154,0,20,0,39,39,186,52,0,11,0,39,100.3,14.3941176470588,0,19,0,34,34,152,18,0,8,0,34,63.9,1.99726277372263,0,21,132,0,199,70,274,0,6,14,0,158,61,382.2,13.2138888888889,0,7,0,18,0,18,134,0,5,0,18,0,39.1,913,59,53,422,25,34.4
15.1847826086957,0,23,0,46,46,194,66,0,9,0,46,127.3,13.8108108108108,0,11,0,37,37,157,29,0,4,0,37,117.5,2.43346456692913,0,3,107,0,144,103,254,0,2,19,0,116,75,521.7,9.49827586206897,0,20,0,29,0,29,128,0,16,0,29,0,11.5,876,69,48,357,49,35.4
15.7802325581395,0,28,0,43,43,193,59,0,6,0,43,116.8,14.2471428571429,0,21,1,35,35,158,24,0,7,1,35,97.7,0.555703422053232,0,22,151,0,134,118,263,0,7,9,0,107,87,339.7,11.15625,0,19,0,24,0,24,134,0,10,0,24,0,40.2,932,71,57,425,43,32.6
21.4,4,19,0,28,28,191,50,2,5,0,28,27.2,15.7913793103448,0,19,0,29,29,162,21,0,10,0,29,50.7,-0.455574912891986,1,53,148,0,141,143,287,1,12,18,0,109,100,442.3,11.9357142857143,0,15,0,21,0,21,141,0,12,0,21,0,59.1,968,51,48,486,36,28
19.1333333333333,0,20,0,33,33,180,53,0,4,0,33,69.1,16.1310344827586,0,18,0,29,29,151,24,0,11,0,29,66.4,2.58333333333333,0,26,130,0,169,109,279,0,16,21,0,153,104,466.8,11.1708333333333,0,13,0,24,0,24,127,0,4,0,24,0,29.1,970,53,47,434,37,30
15.6295454545455,0,21,0,44,44,193,54,0,6,0,44,112.3,15.341935483871,0,16,0,31,31,162,23,0,5,0,31,86.1,0.137126865671642,0,35,96,0,119,141,268,0,15,7,0,89,110,593.8,11.2760869565217,0,15,0,23,0,23,139,0,3,0,23,0,22.1,874,65,47,391,38,33.3
16.701282051282,0,23,0,39,39,178,44,0,6,0,39,75,16.3793103448276,0,18,0,29,29,149,15,0,4,0,29,110.1,2.09822695035461,0,21,141,1,161,114,282,0,5,15,1,99,108,502.9,14.5766666666667,0,10,0,15,0,15,134,0,5,0,15,0,9.9,898,62,47,438,25,38.2
20.1532258064516,0,22,0,31,31,187,60,0,9,0,31,52.6,12.6890243902439,0,11,0,41,41,146,19,0,3,0,41,111.8,2.51751824817518,0,19,146,0,192,70,274,0,13,16,0,139,44,388.2,12.7078947368421,0,9,0,19,0,19,127,0,3,0,19,0,51.9,878,53,52,427,28,32.5
15.3666666666667,0,27,0,45,45,198,57,0,20,0,45,77.1,14.3571428571429,0,16,0,35,35,163,22,0,5,0,35,96.1,2.96958174904943,0,7,121,0,182,75,263,0,3,19,0,133,73,440,11.3909090909091,0,14,0,22,0,22,141,0,4,0,22,0,8.2,903,72,51,385,36,31.4
16.49125,0,19,0,40,40,187,50,0,7,0,40,66.5,14.775,0,17,0,34,34,153,16,0,5,0,34,98.7,1.58641304347826,0,20,155,0,153,117,276,0,9,13,0,131,46,376.8,13.653125,0,14,0,16,0,16,137,0,9,0,16,0,18.8,895,59,51,445,30,33.3
14.4673469387755,0,20,0,49,49,197,58,0,5,0,49,129.4,13.9361111111111,0,21,0,36,36,161,22,0,6,0,36,74.1,1.22771317829457,0,11,114,0,135,110,258,0,5,23,0,71,79,485.6,11.6681818181818,0,16,0,22,0,22,139,0,10,0,22,0,21.8,840,69,57,370,38,31.2
21.0327586206897,1,25,0,29,29,189,49,1,12,0,29,5.1,14.2166666666667,0,24,0,36,36,153,13,0,12,0,36,81.3,2.30505226480836,0,21,150,0,169,116,287,0,7,13,0,158,101,347.8,15.7846153846154,0,13,0,13,0,13,140,0,13,0,13,0,0,992,55,60,456,26,33.2
12.6984615384615,0,25,0,65,65,204,70,0,6,0,65,173.9,13.6381578947368,0,17,0,38,38,166,32,0,8,0,38,58.3,-2.14304347826087,0,29,106,0,82,141,230,0,6,16,0,82,83,216.2,9.0390625,0,23,0,32,0,32,134,0,11,0,32,0,24.5,905,90,55,358,55,21
14.947,0,30,0,50,50,193,50,0,16,0,50,110.6,16.5732142857143,0,18,0,28,28,165,22,0,9,0,28,41.6,-2.25320754716981,0,50,111,0,115,140,265,0,15,12,0,103,122,379.2,11.5363636363636,0,12,0,22,0,22,143,0,8,0,22,0,33.2,961,80,46,416,34,20.9
15.6968085106383,0,16,0,47,47,200,56,0,3,0,47,176.7,14.15,0,29,0,35,35,165,21,0,11,0,35,50.5,-0.445610687022901,0,43,121,0,128,118,262,0,12,10,0,64,95,355.5,12.002380952381,0,10,0,21,0,21,144,0,4,0,21,0,40.2,870,63,64,410,31,20.8
14.5009615384615,0,34,0,52,52,195,48,0,9,0,52,69,15.8266666666667,0,17,0,30,30,165,18,0,6,0,30,59.7,-1.40018796992481,0,27,142,0,141,123,266,0,19,11,0,108,88,351.4,13.0333333333333,0,15,0,18,0,18,147,0,9,0,18,0,1.1,949,86,47,433,33,21.5
16.2544444444444,0,37,0,45,45,196,52,0,27,0,45,31.8,15.7879310344828,0,17,0,29,29,167,23,0,6,0,29,21.7,-1.70597014925373,0,48,158,0,108,157,268,0,7,28,0,98,110,307.8,11.4282608695652,0,17,0,23,0,23,144,0,6,0,23,0,17.8,1018,82,46,471,40,21.3
15.107,0,21,0,50,50,189,51,0,7,0,50,120.3,15.7783333333333,0,23,0,30,30,159,21,0,17,0,30,26.8,-1.30587121212121,0,33,127,0,87,167,264,0,10,14,0,79,123,318.3,11.5809523809524,0,14,0,21,0,21,138,0,6,0,21,0,10.7,930,71,53,414,35,27.9
14.0151785714286,0,29,0,56,56,196,56,0,9,0,56,176,14.8859375,0,19,0,32,32,164,24,0,6,0,32,23.9,-0.769367588932806,0,27,124,0,115,118,253,0,4,12,0,71,69,253,10.9083333333333,0,18,0,24,0,24,140,0,12,0,24,0,18.5,857,85,51,384,42,29.4
17.77,0,21,0,40,40,187,44,0,6,0,40,113.4,18.0041666666667,0,14,0,24,24,163,20,0,4,0,24,47.4,1.2313829787234,0,20,153,0,152,119,282,0,5,26,0,93,107,352.1,12.21,0,12,0,20,0,20,143,0,10,0,20,0,35.7,910,61,38,444,32,32.3
17.2560975609756,0,24,0,41,41,189,44,0,6,0,41,76.5,17.1615384615385,0,22,0,26,26,163,18,0,12,0,26,24.4,0.0598214285714286,0,22,124,0,163,93,280,0,6,10,0,96,49,347.5,13.3527777777778,0,11,0,18,0,18,145,0,6,0,18,0,50,814,65,48,402,29,32.8
13.8640350877193,0,24,0,57,57,200,60,0,4,0,57,184.7,14.83125,0,9,0,32,32,168,28,0,3,0,32,98.9,1.21008064516129,0,3,121,0,119,122,248,0,2,19,0,98,118,350.5,10.3696428571429,0,16,0,28,0,28,140,0,5,0,28,0,38.9,897,81,41,365,44,33.2
14.85,0,33,0,50,50,204,64,0,14,0,50,95.1,14.6441176470588,0,25,0,34,34,170,30,0,14,0,34,52.3,1.64362549800797,0,11,131,0,170,60,251,0,3,8,0,85,21,299.5,9.33166666666667,0,15,0,30,0,30,140,0,7,0,30,0,43.9,825,83,59,372,45,33.7
11.0732394366197,0,43,0,71,71,203,62,0,14,0,71,145.4,14.2885714285714,0,19,0,35,35,168,27,0,8,0,35,67.1,-2.93969957081545,0,44,118,0,93,126,233,0,7,11,0,52,100,178.9,10.3351851851852,0,18,0,27,0,27,141,0,5,0,27,0,39.5,924,114,54,381,45,30.4
11.145,0,42,0,70,70,203,57,0,9,0,70,112,13.5310810810811,0,15,0,37,37,166,20,0,7,0,37,117.8,-1.28088235294118,0,26,95,0,80,148,238,0,6,9,0,80,117,384.4,12.4775,0,13,0,20,0,20,146,0,5,0,20,0,17.6,906,112,52,349,33,19.9
13.2327868852459,0,29,0,61,61,190,51,0,13,0,61,167.7,14.3117647058824,0,18,0,34,34,156,17,0,6,0,34,93.1,-2.59486166007905,0,50,135,0,131,109,253,0,12,11,0,72,99,260.7,13.6558823529412,0,16,0,17,0,17,139,0,9,0,17,0,0.5,934,90,52,425,33,25.2
14.994,0,14,0,50,50,190,48,0,5,0,50,191.2,14.3367647058824,0,20,0,34,34,156,14,0,12,0,34,78.7,-0.660486891385768,0,36,135,0,136,118,267,0,7,8,0,114,95,322.1,15.5214285714286,0,12,0,14,0,14,142,0,8,0,14,0,14,916,64,54,425,26,24.6
16.3420454545455,0,28,0,44,44,189,51,0,9,0,44,96,15.6233333333333,0,20,0,30,30,159,21,0,9,0,30,53.9,-1.08136531365314,0,47,152,0,105,164,271,0,7,20,0,92,96,361,11.3785714285714,0,13,0,21,0,21,138,0,7,0,21,0,15.5,959,72,50,468,34,26.2
14.5778846153846,0,22,0,52,52,192,52,0,11,0,52,192,14.0444444444444,0,15,0,36,36,156,16,0,6,0,36,183.1,-1.27835249042146,0,40,117,0,108,148,261,0,6,18,0,90,103,423.4,14.025,0,14,0,16,0,16,140,0,9,0,16,0,14,915,74,51,413,30,25.9
15.2108695652174,0,27,0,46,46,200,59,0,10,0,46,146.6,13.3539473684211,0,26,0,38,38,162,21,0,11,0,38,49.5,-0.328461538461538,0,28,150,0,134,124,260,0,13,20,0,83,97,351.4,11.95,0,17,0,21,0,21,141,0,11,0,21,0,19.8,961,73,64,436,38,28.3
15.0851063829787,0,29,0,47,47,192,53,0,6,0,47,77.5,15.1258064516129,0,18,0,31,31,161,22,0,5,0,31,66.2,0.341698113207547,0,39,128,0,144,112,265,0,11,13,0,126,79,437.3,11.7,0,14,0,22,0,22,139,0,6,0,22,0,32.8,930,76,49,423,36,27.6
15.675,0,24,0,44,44,189,50,0,8,0,44,71.3,13.5105263157895,0,18,0,38,38,151,12,0,4,0,38,89.8,0.976286764705882,0,23,142,0,135,123,272,0,5,16,0,129,105,457.9,16.45,0,10,0,12,0,12,139,0,4,0,12,0,3.1,934,68,56,423,22,26
15.9848837209302,0,21,0,43,43,196,49,0,9,0,43,102.5,16.2,0,17,0,28,28,168,21,0,8,0,28,60.8,-2.49945054945055,0,65,159,0,118,137,273,0,13,11,0,98,105,380.8,12.0119047619048,0,13,0,21,0,21,147,0,3,0,21,0,34.1,961,64,45,479,34,24.7
15.2755555555556,0,22,0,45,45,190,46,0,6,0,45,138.8,16.8482142857143,0,20,0,28,28,162,18,0,10,0,28,42.8,-0.664416058394161,0,48,131,0,155,112,274,0,9,16,0,114,88,434.3,12.8361111111111,0,11,0,18,0,18,144,0,4,0,18,0,31,928,67,48,446,29,22.8
10.360447761194,0,33,0,67,67,206,61,0,9,0,67,265.3,14.2171428571429,0,25,0,35,35,171,26,0,12,0,35,45.2,-3.43164556962025,0,52,146,0,95,140,237,0,18,23,0,95,94,208.2,10.5461538461538,0,13,0,26,0,26,145,0,7,0,26,0,67.3,1018,100,60,433,39,23.3
18.48,0,15,0,35,35,184,43,0,4,0,35,244.6,17.5653846153846,1,19,0,26,26,158,17,1,7,0,26,54.1,0.746354166666667,0,27,133,0,119,161,288,0,5,11,0,105,108,492.2,13.0764705882353,0,11,0,17,0,17,141,0,7,0,17,0,84.6,890,50,46,440,28,20.9
16.924358974359,0,24,0,39,39,183,48,0,11,0,39,90.5,16.5517857142857,0,23,0,28,28,155,20,0,17,0,28,13.3,2.95197841726619,0,16,145,0,171,91,278,0,10,10,0,160,39,369.9,11.9675,0,12,0,20,0,20,135,0,6,0,20,0,41.1,909,63,51,423,32,23.7
16.3390243902439,0,21,0,41,41,190,65,0,13,0,41,90.8,14.5323529411765,0,22,0,34,34,156,31,0,8,0,34,56.1,1.87548262548263,0,9,128,0,150,98,259,0,4,16,0,101,38,396.7,9.75322580645161,0,19,0,31,0,31,125,0,8,0,31,0,37.5,847,62,56,385,50,25.8
16.8807692307692,0,21,0,39,39,197,57,0,10,0,39,116.7,16.7428571428571,0,21,0,28,28,169,29,0,9,0,28,22.2,1.38903345724907,0,20,133,0,154,109,269,0,4,12,0,137,89,419.7,9.92413793103448,0,16,0,29,0,29,140,0,7,0,29,0,54.5,934,60,49,416,45,19.7
15.9453488372093,1,19,0,43,43,182,44,1,6,0,43,107.8,15.5983333333333,0,25,0,30,30,152,14,0,11,0,30,24.5,1.67652329749104,0,8,119,0,121,142,279,0,3,12,0,81,79,463.7,15.5321428571429,0,14,0,14,0,14,138,0,14,0,14,0,0,830,63,55,390,28,17.1
15.0934782608696,0,23,0,46,46,194,60,0,4,0,46,159.1,12.8238095238095,0,25,0,42,42,152,18,0,7,0,42,54.3,0.381467181467182,0,9,166,0,147,81,259,0,3,16,0,112,29,235.5,12.9666666666667,0,16,0,18,0,18,134,0,8,0,18,0,3.5,858,69,67,403,34,18.5
17.8527027027027,4,30,0,37,37,196,58,4,15,0,37,48.1,16.8173076923077,1,22,0,26,26,170,32,1,15,0,26,16.9,0.399074074074074,0,31,142,0,155,95,270,0,17,16,0,110,73,401,9.61875,0,17,0,32,0,32,138,0,4,0,32,0,83.5,942,71,49,423,49,18.5
16.2609756097561,0,29,0,41,41,193,42,0,11,0,41,14.8,15.3193548387097,0,19,0,31,31,162,11,0,7,0,31,51.7,1.42056737588652,0,20,136,0,143,135,282,0,8,7,0,88,80,479.5,18.4636363636364,0,5,0,11,0,11,151,0,2,0,11,0,48.1,856,70,50,434,16,19.5
16.8333333333333,0,31,0,39,39,203,57,0,14,0,39,15.4,13.2375,0,15,0,40,40,163,17,0,4,0,40,138.4,-0.134259259259259,0,32,152,0,132,136,270,0,8,14,0,102,104,328.5,13.4647058823529,0,12,0,17,0,17,146,0,5,0,17,0,17.4,953,70,55,452,29,30.5
18.2671428571429,0,25,0,35,35,188,44,0,13,0,35,59.4,17.5884615384615,0,13,1,26,26,162,18,0,4,1,26,140.6,1.41433566433566,0,17,154,0,177,94,286,0,5,11,0,117,60,369.2,13.0027777777778,0,16,0,18,0,18,144,0,14,0,18,0,3.4,880,60,40,442,34,31.6
14.0423076923077,0,23,0,52,52,195,52,0,6,0,52,151.4,15.7866666666667,0,15,0,30,30,165,22,0,6,0,30,79.9,0.264942528735632,0,24,142,0,138,97,261,0,4,12,0,108,34,335.2,11.3818181818182,0,8,0,22,0,22,143,0,4,0,22,0,50,829,75,45,401,30,39.3
17.2328947368421,1,25,0,38,38,182,41,1,9,0,38,31.5,19.2565217391304,1,19,0,23,23,159,18,1,7,0,23,41.1,1.69737762237762,0,24,144,0,163,113,286,0,7,17,0,150,68,491,12.9583333333333,0,11,0,18,0,18,141,0,4,0,18,0,20.4,923,64,43,444,29,42.2
15.9848837209302,0,18,0,43,43,186,52,0,2,0,43,147.8,15.0854838709677,0,22,0,31,31,155,21,0,9,0,31,35.9,2.93782287822878,0,12,144,0,166,91,271,0,6,20,0,110,41,394.7,12.0857142857143,0,10,0,21,0,21,134,0,6,0,21,0,30,847,61,53,413,31,42
17.5405405405405,0,16,0,37,37,192,55,0,6,0,37,92.3,18.138,0,19,0,25,25,167,30,0,9,0,25,24.5,1.0485347985348,0,33,138,0,135,134,273,0,8,11,0,120,92,506.7,9.715,0,14,0,30,0,30,137,0,5,0,30,0,68.1,924,53,44,440,44,44.4
18.5779411764706,0,18,0,34,34,181,51,0,7,0,34,81.2,15.5766666666667,0,15,1,30,30,151,21,0,6,1,30,111.7,1.3475,0,21,185,0,128,148,280,0,3,22,0,103,88,298.4,12.1214285714286,0,15,0,21,0,21,130,0,7,0,21,0,9,938,52,46,482,36,47.1
19.5333333333333,0,21,0,33,33,196,51,0,11,0,33,60.1,15.55,0,18,0,29,29,167,22,0,3,0,29,36.2,0.708540925266904,0,30,166,0,161,115,281,0,11,17,0,113,87,373.3,11.8090909090909,0,13,0,22,0,22,145,0,4,0,22,0,34.7,938,54,47,472,35,46.6
15.753488372093,0,25,0,43,43,204,73,0,7,0,43,131.6,13.9708333333333,0,13,1,36,36,168,37,0,3,1,36,160.2,0.506,0,20,143,0,128,111,250,0,5,18,0,116,91,304.7,8.7554054054054,0,21,0,37,0,37,131,0,7,0,37,0,94.1,942,68,50,402,58,37.9
17.3789473684211,0,18,0,38,38,189,57,0,7,0,38,138,15.4966666666667,0,19,0,30,30,159,27,0,6,0,30,69.1,1.71277777777778,0,26,158,0,145,120,270,0,4,17,0,116,67,339.1,10.5388888888889,0,18,0,27,0,27,132,0,4,0,27,0,41.6,915,56,49,449,45,42.6
17.2973684210526,0,31,0,38,38,189,54,0,21,0,38,45.6,17.808,0,19,0,25,25,164,29,0,10,0,25,16.6,1.84652014652015,0,30,149,1,145,123,273,0,9,21,1,106,105,539.8,9.90689655172414,0,17,0,29,0,29,135,0,10,0,29,0,39.7,982,69,44,448,46,41.8
17.0205128205128,0,17,0,39,39,186,51,0,6,0,39,168,14.9140625,0,21,0,32,32,154,19,0,9,0,32,74.1,2.06236363636364,0,19,145,0,198,66,275,0,6,15,0,116,59,354.8,12.5763157894737,0,13,0,19,0,19,135,0,5,0,19,0,42.3,875,56,53,428,32,41.1
14.2333333333333,0,23,0,51,51,196,66,0,11,0,51,206.9,13.4947368421053,0,17,0,38,38,158,28,0,8,0,38,90.5,2.10281124497992,0,3,121,0,154,75,249,0,2,17,0,106,23,443.1,9.83214285714286,0,26,0,28,0,28,130,0,20,0,28,0,6.4,840,74,55,353,54,41.7
15.9302325581395,0,23,0,43,43,193,58,0,4,0,43,68.7,14.6,0,21,0,33,33,160,25,0,12,0,33,72.3,0.519886363636364,0,20,146,0,142,104,264,0,5,16,0,93,78,318.2,10.96,0,17,0,25,0,25,135,0,5,0,25,0,50.6,888,66,54,412,42,36.9
20.9655172413793,2,13,0,29,29,193,49,1,5,0,29,113.3,16.9018518518519,1,22,0,27,27,166,22,1,10,0,27,14.7,-0.505574912891986,0,53,144,1,139,144,287,0,8,10,1,136,95,487.6,11.6590909090909,0,14,0,22,0,22,144,0,7,0,22,0,57.4,963,44,50,481,36,33.6
18.5028571428571,0,23,0,35,35,182,48,0,7,0,35,81.1,16.787037037037,0,14,0,27,27,155,21,0,8,0,27,75.8,2.5540780141844,0,25,145,0,159,113,282,0,13,20,0,151,104,499.2,11.8452380952381,0,11,0,21,0,21,134,0,5,0,21,0,24.8,964,58,41,442,32,35.5
15.6523255813953,0,24,0,43,43,196,55,0,6,0,43,76.1,15.21875,0,15,0,32,32,164,23,0,6,0,32,47.7,0.0416044776119403,0,31,113,0,129,132,268,0,8,9,0,92,100,550.5,11.295652173913,0,11,0,23,0,23,141,0,5,0,23,0,45.3,877,67,47,405,34,33.3
16.7294871794872,0,25,0,39,39,178,42,0,6,0,39,47.3,16.5839285714286,0,12,0,28,28,150,14,0,4,0,28,90.4,2.17975352112676,0,23,162,0,162,118,284,0,5,23,0,137,106,382.5,15.5607142857143,0,12,0,14,0,14,136,0,7,0,14,0,6.4,964,64,40,465,26,38.8
20.505,0,22,0,30,30,188,59,0,10,0,30,37.4,12.8365853658537,0,21,0,41,41,147,18,0,4,0,41,99.3,2.64510869565217,0,17,164,0,221,43,276,0,13,18,0,144,29,342.5,13.25,0,11,0,18,0,18,129,0,5,0,18,0,10.7,900,52,62,445,29,36
14.8234042553191,0,30,0,47,47,202,59,0,14,0,47,55.1,14.7757575757576,0,13,0,33,33,169,26,0,5,0,33,135.2,2.91100386100386,0,6,129,0,187,66,259,0,2,19,0,129,60,344.2,10.7038461538462,0,17,0,26,0,26,143,0,7,0,26,0,44,896,77,46,388,43,34
15.9666666666667,0,18,0,42,42,188,52,0,8,0,42,83,14.5057142857143,0,19,0,35,35,153,17,0,5,0,35,102.3,1.40569852941176,0,21,170,0,174,71,272,0,10,24,0,133,45,349.7,13.3029411764706,0,12,0,17,0,17,136,0,7,0,17,0,10.4,905,60,54,436,29,32.3
13.872641509434,0,27,0,53,53,198,59,0,6,0,53,146.4,13.7986486486486,0,15,0,37,37,161,22,0,4,0,37,129.3,1.12509881422925,0,7,122,0,143,88,253,0,4,11,0,66,57,393.4,11.4545454545455,0,16,0,22,0,22,139,0,7,0,22,0,28.3,797,80,52,360,38,31.8
21.6314814814815,1,21,0,27,27,187,48,1,6,0,27,29.2,14.3128571428571,0,24,0,35,35,152,13,0,9,0,35,76.4,2.53051724137931,0,25,163,0,168,112,290,0,7,18,0,156,105,375.9,16.3538461538462,0,13,0,13,0,13,139,0,13,0,13,0,0,992,49,59,468,26,33
13.3533333333333,0,28,0,60,60,203,69,0,6,0,60,161.2,13.6135135135135,0,19,0,37,37,166,32,0,7,0,37,51.6,-1.38368644067797,0,32,114,0,105,131,236,0,7,10,0,97,74,228.8,9.365625,0,25,0,32,0,32,134,0,11,0,32,0,17.5,924,88,56,382,57,54.7
15.2958333333333,0,26,0,48,48,192,50,0,13,0,48,139.6,16.5696428571429,0,16,0,28,28,164,22,0,5,0,28,31.6,-1.67265917602996,0,47,119,0,121,132,267,0,14,17,0,109,117,375.9,11.6863636363636,0,12,0,22,0,22,142,0,7,0,22,0,32.1,951,74,44,419,34,61
15.8326086956522,0,18,2,46,46,200,56,0,4,2,46,199.7,13.8347222222222,0,30,0,36,36,164,20,0,11,0,36,9.1,-0.0444866920152091,0,45,102,0,157,96,263,0,13,6,0,66,72,397.8,12.4125,0,10,0,20,0,20,144,0,4,0,20,0,55.1,842,66,66,400,30,56.1
14.5843137254902,0,34,0,51,51,196,51,0,7,0,51,55.1,15.5774193548387,0,19,0,31,31,165,20,0,10,0,31,84.6,-1.16268939393939,0,35,126,1,141,121,264,0,12,11,1,104,86,438.1,12.1325,0,18,0,20,0,20,145,0,13,0,20,0,0.7,943,85,50,424,38,62
16.0666666666667,0,31,0,45,45,197,55,0,25,0,45,43.2,15.4806451612903,0,23,0,31,31,166,24,0,10,0,31,20.8,-1.81207547169811,0,60,149,0,116,144,265,0,7,26,0,99,100,349.8,10.9791666666667,0,16,0,24,0,24,142,0,8,0,24,0,22.1,1014,76,54,469,40,61.2
14.7894230769231,0,29,0,52,52,191,54,0,15,0,52,113.4,14.9953125,0,23,0,32,32,159,22,0,17,0,32,35,-1.63359073359073,0,38,128,0,110,141,259,0,15,19,0,79,109,361.3,11.45,0,15,0,22,0,22,137,0,8,0,22,0,15.8,958,81,55,417,37,62
14.8480392156863,0,27,0,51,51,197,57,0,10,0,51,123.7,14.5161764705882,0,24,0,34,34,163,23,0,10,0,34,21.1,-0.0873540856031129,0,26,134,0,155,78,257,0,5,14,0,110,33,263.3,11.1391304347826,0,21,0,23,0,23,140,0,17,0,23,0,1.6,880,78,58,393,44,69.5
17.8307692307692,0,27,0,39,39,187,46,0,6,0,39,77.8,17.2538461538462,1,16,0,26,26,161,20,1,11,0,26,21.5,1.68380782918149,0,27,164,0,169,109,281,0,5,29,0,121,100,336.3,12.505,0,9,0,20,0,20,141,0,7,0,20,0,26.9,972,66,43,469,29,61.3
17.1109756097561,0,20,1,41,41,188,47,0,5,1,41,123.1,16.0344827586207,0,21,0,29,29,159,18,0,10,0,29,51.9,0.409927797833935,0,25,139,0,168,87,277,0,6,11,0,95,49,342.7,13.3611111111111,0,11,0,18,0,18,141,0,5,0,18,0,41.3,830,62,50,419,29,67.7
14.4203703703704,0,28,0,54,54,198,62,0,9,0,54,131.1,14.8421875,0,11,0,32,32,166,30,0,4,0,32,98.8,1.71044176706827,0,3,132,0,147,89,249,0,2,19,0,88,83,390.4,9.86333333333333,0,18,0,30,0,30,136,0,8,0,30,0,35.3,873,82,43,371,48,71.6
14.8450980392157,0,35,0,51,51,203,64,0,14,0,51,82.4,14.4757575757576,0,23,0,33,33,170,31,0,14,0,33,29.9,1.9528,0,11,141,0,187,51,250,0,3,9,0,128,21,299.8,9.60967741935484,0,12,0,31,0,31,139,0,6,0,31,0,74.5,885,86,56,390,43,71.2
11.1077464788732,0,41,0,71,71,203,62,0,13,0,71,138.4,14.06,0,23,0,35,35,168,27,0,5,0,35,46.7,-2.84012875536481,0,49,128,0,95,118,233,0,6,12,0,67,104,187.2,10.512962962963,0,21,0,27,0,27,141,0,9,0,27,0,36.2,957,112,58,390,48,70.9
11.4557142857143,0,38,0,70,70,203,59,0,7,0,70,135.7,13.8092105263158,1,18,0,38,38,165,21,1,8,0,38,98.2,-0.892584745762712,0,24,114,0,107,112,236,0,6,10,0,86,84,350.2,11.2833333333333,0,14,0,21,0,21,144,0,7,0,21,0,9.2,895,108,57,357,35,45.9
13.3467213114754,0,24,1,61,61,191,51,0,7,1,61,158.5,14.3191176470588,0,16,0,34,34,157,17,0,6,0,34,86.6,-2.04920948616601,0,47,160,0,138,105,253,0,13,23,0,73,89,244.9,13.5264705882353,0,17,0,17,0,17,140,0,17,0,17,0,0,961,86,50,450,34,50.4
15.2755102040816,0,17,1,49,49,188,48,0,4,1,49,252.8,14.1705882352941,0,18,0,34,34,154,14,0,7,0,34,47.9,-0.20410447761194,0,37,133,0,154,103,268,0,10,10,0,143,92,370.8,15.6071428571429,0,11,0,14,0,14,140,0,4,0,14,0,6.4,939,67,52,427,25,54.1
16.3909090909091,0,23,0,44,44,190,52,0,9,0,44,116,15.2983870967742,0,19,0,31,31,159,21,0,10,0,31,46,-0.524444444444444,0,43,153,0,133,110,270,0,10,20,0,93,89,394.3,11.6309523809524,0,12,0,21,0,21,138,0,4,0,21,0,43.4,920,67,50,439,33,50.7
14.4094339622642,0,27,0,53,53,194,52,0,5,0,53,163.2,14.3928571428571,0,19,0,35,35,159,17,0,8,0,35,110.6,-0.57,0,34,142,0,128,129,260,0,5,20,0,116,105,342.8,13.3411764705882,0,11,0,17,0,17,142,0,6,0,17,0,38.7,965,80,54,433,28,53
15.7488636363636,0,24,0,44,44,200,59,0,14,0,44,95,13.8472222222222,0,30,0,36,36,164,23,0,13,0,36,28.3,0.322328244274809,0,29,160,0,149,108,262,0,13,16,0,136,91,377.3,11.3108695652174,0,17,0,23,0,23,141,0,6,0,23,0,14.5,1012,68,66,446,40,49.1
15.7068181818182,0,30,0,44,44,190,54,0,13,0,44,63.6,13.9014285714286,0,23,0,35,35,155,19,0,7,0,35,81.9,1.28970037453184,0,33,151,0,161,86,267,0,10,22,0,135,72,456.4,12.7736842105263,0,11,0,19,0,19,136,0,6,0,19,0,35.1,956,74,58,431,30,56.2
15.6720930232558,0,20,0,43,43,190,51,0,5,0,43,140.7,13.4921052631579,0,18,0,38,38,152,13,0,4,0,38,88.3,1.41066176470588,0,29,151,0,156,107,272,0,6,16,0,129,104,413.4,16.5,0,7,0,13,0,13,139,0,4,0,13,0,24,944,63,56,443,20,54.7
15.6829545454545,0,21,0,44,44,196,49,0,9,0,44,106.9,16.0051724137931,0,20,0,29,29,167,20,0,9,0,29,24.2,-2.35772058823529,0,64,161,0,123,143,272,0,13,12,0,103,91,378.3,12.1425,0,11,0,20,0,20,147,0,5,0,20,0,42,971,65,49,491,31,53.5
15.2967391304348,0,29,0,46,46,187,48,0,8,0,46,84.6,16.0896551724138,0,24,0,29,29,158,19,0,11,0,29,13.6,-0.208671586715867,0,48,144,0,161,97,271,0,11,13,0,140,89,480.2,12.4736842105263,0,12,0,19,0,19,139,0,5,0,19,0,34.7,980,75,53,450,31,46.1
10.7067164179104,0,29,0,67,67,206,58,0,4,0,67,281.3,14.2557142857143,0,24,0,35,35,171,23,0,12,0,35,48.3,-2.61020833333333,0,51,155,0,112,118,240,0,15,25,0,94,94,172.2,11.4086956521739,0,12,1,23,0,23,148,0,4,1,23,0,74.2,1001,96,59,436,36,40.7
17.6986111111111,0,15,1,36,36,184,44,0,4,1,36,149.9,17.886,0,15,0,25,25,159,19,0,4,0,25,34.6,1.38199300699301,0,30,153,1,139,126,286,0,4,13,1,105,42,413.3,12.8236842105263,0,11,0,19,0,19,140,0,7,0,19,0,82,832,52,40,449,30,47
16.0321428571429,0,20,0,42,42,186,55,0,8,0,42,84.3,15.3854838709677,0,25,0,31,31,155,24,0,7,0,31,38.1,3.08152985074627,0,16,149,0,183,69,268,0,10,14,0,172,31,390.3,11.2395833333333,0,16,0,24,0,24,131,0,11,0,24,0,55.6,925,62,56,417,40,55
16.2756097560976,0,19,0,41,41,193,65,0,13,0,41,95.5,14.2371428571429,0,22,0,35,35,158,30,0,6,0,35,63.7,2.54227799227799,0,6,139,0,184,56,259,0,2,10,0,100,24,415.8,9.81,0,22,0,30,0,30,128,0,11,0,30,0,16.8,826,60,57,385,52,53.3
16.735,0,24,0,40,40,198,64,0,13,0,40,120.8,15.5383333333333,0,20,0,30,30,168,34,0,7,0,30,49.6,1.80498084291188,0,16,145,0,196,59,261,0,4,9,0,168,24,383,9.39705882352941,0,19,0,34,0,34,134,0,6,0,34,0,57.5,918,64,50,416,53,45.3
15.5306818181818,0,19,0,44,44,186,50,0,6,0,44,117.1,14.6735294117647,0,24,1,34,34,152,16,0,13,1,34,116.6,2.18088235294118,0,8,133,0,189,68,272,0,3,11,0,83,27,410.4,14.0125,0,14,0,16,0,16,136,0,11,0,16,0,1.5,799,63,59,398,30,42.9
15.0627659574468,0,14,1,47,47,193,62,0,3,1,47,258.1,12.2272727272727,0,26,0,44,44,149,18,0,7,0,44,50.3,0.998046875,0,7,162,0,184,49,256,0,2,21,0,146,16,286.1,12.9972222222222,0,13,0,18,0,18,131,0,6,0,18,0,8.4,876,62,70,402,31,43.6
16.68875,2,25,0,40,40,199,63,2,13,0,40,61.9,16.0189655172414,0,21,0,29,29,170,34,0,18,0,29,33.2,0.518511450381679,0,31,146,0,159,99,262,0,16,13,0,114,94,428.4,9.29852941176471,0,19,0,34,0,34,136,0,4,0,34,0,81.1,982,67,50,435,53,45.3
15.5568181818182,0,34,0,44,44,188,43,0,12,0,44,18,15.0287878787879,0,13,0,33,33,155,10,0,6,0,33,93.6,1.68039568345324,0,15,136,0,173,78,278,0,5,8,0,122,27,470.8,18.875,0,7,0,10,0,10,145,0,5,0,10,0,33,815,78,46,402,17,43.2
16.2939024390244,0,29,0,41,41,203,61,0,11,0,41,40.7,13.12,0,19,0,40,40,163,21,0,9,0,40,141.9,-0.240909090909091,0,42,152,0,127,132,264,0,9,18,0,98,108,374.9,11.7761904761905,0,16,0,21,0,21,142,0,5,0,21,0,22.5,979,70,59,453,37,47.3
17.2105263157895,0,28,0,38,38,190,52,0,13,0,38,43.4,17.0351851851852,0,13,0,27,27,163,25,0,5,0,27,112.7,1.79672727272727,0,16,144,0,173,89,275,0,5,10,0,131,62,447.3,10.728,0,24,0,25,0,25,138,0,22,0,25,0,0.3,915,66,40,422,49,47.5
13.5583333333333,0,22,0,54,54,198,58,0,10,0,54,135.8,15.1953125,0,10,0,32,32,166,26,0,5,0,32,162.9,0.507905138339921,0,22,137,0,154,89,253,0,4,16,0,123,31,356.9,10.5538461538462,0,8,0,26,0,26,140,0,3,0,26,0,76.6,858,76,42,402,34,42.9
16.61375,0,25,0,40,40,182,45,0,9,0,40,40.3,17.882,0,20,1,25,25,157,20,0,11,1,25,87.4,1.62392857142857,0,21,150,0,171,105,280,0,7,26,0,165,65,515.7,12.3175,0,11,0,20,0,20,137,0,4,0,20,0,18.3,962,65,46,447,31,45.1
15.5681818181818,0,19,0,44,44,188,54,0,4,0,44,145,14.4470588235294,0,18,0,34,34,154,20,0,7,0,34,68.1,3.17164179104478,0,7,143,0,194,69,268,0,2,18,0,116,25,437.9,12.3775,0,12,0,20,0,20,134,0,5,0,20,0,26.2,835,63,52,413,32,44.7
17.2223684210526,0,17,0,38,38,191,55,0,8,0,38,94.1,17.642,0,21,1,25,25,166,30,0,10,1,25,51.6,1.48713235294118,0,29,140,0,148,97,272,0,8,11,0,119,46,462.3,9.85666666666667,0,22,0,30,0,30,136,0,9,0,30,0,25.6,873,55,47,414,52,46.7
17.9222222222222,0,20,0,36,36,182,53,0,7,0,36,130.3,15.2983870967742,0,17,0,31,31,151,22,0,8,0,31,88.1,1.56485507246377,0,19,183,0,151,99,276,0,3,37,0,108,42,273.5,11.8045454545455,0,18,0,22,0,22,129,0,7,0,22,0,7.3,897,56,48,452,40,49.4
18.6808823529412,0,20,1,34,34,197,47,0,9,1,34,100.3,16.8481481481481,0,20,0,27,27,170,20,0,6,0,27,23.2,1.34700704225352,0,29,157,0,177,94,284,0,8,18,0,115,77,403.4,12.1275,0,14,0,20,0,20,150,0,6,0,20,0,26.1,914,55,47,457,34,47.6
16.9730769230769,0,19,0,39,39,196,70,0,8,0,39,70.2,13.0475,0,15,0,40,40,156,30,0,3,0,40,115.9,1.49533073929961,0,20,135,0,144,104,257,0,5,14,0,128,86,391.1,9.74,0,21,0,30,0,30,126,0,6,0,30,0,35.1,926,58,55,403,51,36.8
17.1269230769231,0,17,0,39,39,188,57,0,8,0,39,128,14.8671875,0,22,0,32,32,156,25,0,7,0,32,35.8,2.07565055762082,0,29,157,0,161,97,269,0,7,13,0,117,43,413.9,10.848,0,14,0,25,0,25,131,0,4,0,25,0,36.6,888,56,54,444,39,34
17.5171052631579,0,35,0,38,38,188,53,0,24,0,38,34.4,17.576,0,19,0,25,25,163,28,0,9,0,25,24.1,2.58047445255474,0,28,149,0,151,114,274,0,9,22,0,106,105,566.5,10.1178571428571,0,16,0,28,0,28,135,0,9,0,28,0,70.6,978,73,44,442,44,34.5
16.9435897435897,0,20,0,39,39,183,56,0,9,0,39,123.1,14.7454545454545,0,24,0,33,33,150,23,0,11,0,33,47.6,2.76944444444444,0,19,145,0,207,50,270,0,6,15,0,133,43,427,11.1869565217391,0,13,0,23,0,23,127,0,6,0,23,0,29,891,59,57,421,36,35.8
16.022619047619,0,25,1,42,42,191,66,0,11,1,42,186.2,13.9847222222222,0,20,0,36,36,155,30,0,8,0,36,94.7,3.42984496124031,0,0,122,1,231,19,258,0,0,17,1,131,8,525,9.60166666666667,0,27,0,30,0,30,125,0,13,0,30,0,15,852,68,56,373,57,36.2
16.9038461538462,0,25,0,39,39,189,57,0,8,0,39,68.9,13.6864864864865,0,23,0,37,37,152,20,0,10,0,37,58.4,1.71561338289963,0,19,150,0,167,98,269,0,5,20,0,119,73,297.5,12.4925,0,15,0,20,0,20,132,0,7,0,20,0,13.4,931,64,60,434,35,32.9
20.75,3,17,0,29,29,190,52,2,8,0,29,47.2,15.01875,0,25,0,32,32,158,20,0,16,0,32,55.5,0.000528169014084457,0,57,154,0,143,137,284,0,8,15,0,138,93,409.7,12.465,0,13,0,20,0,20,138,0,6,0,20,0,46.7,997,49,57,491,33,30.8
19.3359375,0,17,0,32,32,178,51,0,6,0,32,75.2,16.5928571428571,2,17,0,28,28,150,23,2,8,0,28,84.7,3.28812056737589,0,24,148,0,178,101,282,0,16,13,0,160,98,476.1,11.3695652173913,0,12,0,23,0,23,127,0,6,0,23,0,36.9,974,49,47,451,35,32.3
16.0869047619048,0,21,0,42,42,193,54,0,5,0,42,83.4,15.3354838709677,0,17,1,31,31,162,23,0,6,1,31,94.4,0.989259259259259,0,25,132,0,149,116,270,0,7,18,0,107,76,511.6,11.3173913043478,0,14,0,23,0,23,139,0,6,0,23,0,53.5,893,63,49,422,37,32.6
16.7410256410256,0,23,0,39,39,180,40,0,8,0,39,32.7,16.675,0,14,0,28,28,152,12,0,5,0,28,71.1,2.96293706293706,0,21,161,0,172,106,286,0,5,23,0,142,100,393.9,16.7958333333333,0,9,0,12,0,12,140,0,7,0,12,0,17.6,954,62,42,460,21,34
20.4833333333333,2,22,0,30,30,186,63,1,8,0,30,57.9,12.8378048780488,0,20,0,41,41,145,22,0,4,0,41,65.7,3.55533088235294,1,15,161,0,229,41,272,1,12,19,0,164,29,408.3,11.5431818181818,0,13,0,22,0,22,123,0,4,0,22,0,43.7,932,54,61,447,35,31.9
15.5568181818182,0,24,0,44,44,197,58,0,13,0,44,70.2,14.4161764705882,0,15,1,34,34,163,24,0,5,1,34,164.2,3.84049429657795,0,2,134,0,200,59,263,0,2,19,0,119,57,443.1,11.0708333333333,0,15,0,24,0,24,139,0,4,0,24,0,34.1,874,68,50,395,39,28.4
16.9192307692308,0,25,0,39,39,184,48,0,11,0,39,53.2,15.3125,0,20,0,32,32,152,16,0,4,0,32,56.2,2.4741935483871,0,19,174,0,193,59,279,0,9,23,0,142,34,348.4,13.603125,0,12,0,16,0,16,136,0,7,0,16,0,15.8,906,64,52,445,28,32.1
15.51,0,21,0,45,45,193,56,0,4,0,45,82.8,14.2367647058824,0,23,0,34,34,159,22,0,6,0,34,71.1,2.23977272727273,0,7,134,0,175,44,264,0,4,11,0,52,22,386.1,11.8159090909091,0,17,0,22,0,22,137,0,12,0,22,0,29.3,734,66,57,360,39,28.3
21.1913793103448,6,21,0,29,29,184,49,3,6,0,29,28.1,14.1485714285714,0,28,0,35,35,149,14,0,11,0,35,66.3,3.10662020905923,1,21,179,0,167,99,287,1,7,14,0,116,69,356,15.1714285714286,0,12,0,14,0,14,135,0,12,0,14,0,0.4,929,56,63,467,26,30.3
12.1431818181818,0,29,0,66,66,207,69,0,7,0,66,154.9,13.3217948717949,0,24,0,39,39,168,30,0,10,0,39,51.8,-3.18913043478261,0,47,121,0,80,148,230,0,10,14,0,80,105,209.2,9.39666666666667,0,23,0,30,0,30,138,0,8,0,30,0,11.9,976,95,63,396,53,53.9
11.142,0,38,0,75,75,198,53,0,12,0,75,193.3,15.3048387096774,0,17,0,31,31,167,22,0,7,0,31,82.1,-4.93354430379747,0,60,129,0,156,73,237,0,19,11,0,156,59,309,11.7477272727273,0,14,0,22,0,22,145,0,10,0,22,0,27.2,1017,113,48,418,36,49.9
14.4,0,20,1,53,53,205,60,0,5,1,53,240.8,13.5565789473684,0,31,0,38,38,167,22,0,11,0,38,48.5,-1.83710317460317,0,46,120,0,112,138,252,0,12,10,0,111,108,421,11.6068181818182,0,13,0,22,0,22,145,0,5,0,22,0,23.4,970,74,69,416,35,43.1
11.4243243243243,0,45,0,74,74,200,55,0,9,0,74,129.7,14.4514705882353,0,21,0,34,34,166,21,0,6,0,34,72.9,-3.75864978902954,0,41,133,0,62,173,237,0,12,13,0,59,108,357.1,11.7690476190476,0,19,0,21,0,21,145,0,13,0,21,0,2.3,972,119,55,409,40,55.7
14.5086538461538,0,40,0,52,52,202,58,0,27,0,52,71.8,14.6764705882353,0,24,0,34,34,168,24,0,8,0,34,29.1,-3.29901960784314,0,51,153,0,81,173,255,0,7,21,0,74,117,354.9,10.86875,0,19,0,24,0,24,144,0,9,0,24,0,19.1,1024,92,58,458,43,59.6
13.2868852459016,0,35,0,61,61,194,50,0,14,0,61,101.3,14.6727272727273,0,22,0,33,33,161,17,0,14,0,33,46.8,-2.86515748031496,0,45,133,0,76,177,254,0,16,28,0,76,124,331.6,13.4764705882353,0,9,0,17,0,17,144,0,6,0,17,0,16,997,96,55,431,26,68.2
10.9949275362319,0,39,0,69,69,204,55,0,9,0,69,170.8,13.9742857142857,0,20,0,35,35,169,20,0,15,0,35,35.1,-2.42780082987552,0,34,133,0,69,172,241,0,8,12,0,69,119,315,12.4575,0,15,0,20,0,20,149,0,8,0,20,0,16.2,970,108,55,408,35,68.9
16.8154761904762,0,23,0,42,42,189,45,0,5,0,42,93.5,18.056,0,15,0,25,25,164,20,0,8,0,25,51.2,0.17921146953405,0,27,162,0,129,134,279,0,7,29,0,83,123,364.7,11.9675,0,9,0,20,0,20,144,0,5,0,20,0,40.4,933,65,40,452,29,65
14.0294642857143,0,26,0,56,56,192,47,0,7,0,56,139.5,16.6851851851852,0,21,0,27,27,165,20,0,11,0,27,19.7,-1.84465648854962,0,30,114,0,135,116,262,0,6,5,0,80,56,371.4,12.39,0,9,0,20,0,20,145,0,3,0,20,0,38.6,825,82,48,395,29,76
12.3152173913043,0,21,0,69,69,203,62,0,3,0,69,249.9,14.2764705882353,0,7,0,34,34,169,28,0,3,0,34,138.2,-0.408974358974359,0,9,120,0,87,144,234,0,2,18,0,49,119,342.3,10.3267857142857,0,15,0,28,0,28,141,0,6,0,28,0,40.2,865,90,41,360,43,83.9
11.5606557377049,0,32,0,61,61,212,70,0,10,0,61,149.5,13.6486111111111,0,29,0,36,36,176,34,0,14,0,36,53.2,-0.262179487179487,0,23,132,0,98,130,234,0,4,14,0,64,66,338.4,9.01764705882353,0,19,0,34,0,34,142,0,6,0,34,0,55.9,903,93,65,383,53,88.4
8.96190476190476,0,43,0,63,63,211,69,0,14,0,63,122.2,13.4263157894737,0,17,0,38,38,173,31,0,3,0,38,68.5,-4.05470085470085,0,56,120,0,89,137,234,0,7,11,0,64,108,244.7,9.72258064516129,0,18,0,31,0,31,142,0,6,0,31,0,50.1,957,106,55,402,49,85
9.83984375,0,32,0,64,64,209,62,0,6,0,64,102.4,12.7785714285714,0,14,0,42,42,167,20,0,3,0,42,141.3,-2.26087866108787,0,39,98,0,81,157,239,0,6,13,0,81,117,373.5,11.6125,0,12,0,20,0,20,147,0,6,0,20,0,18.2,917,96,56,375,32,58.6
10.2664383561644,0,35,0,73,73,200,60,0,11,0,73,159.2,12.8048780487805,0,18,0,41,41,159,19,0,7,0,41,80.9,-4.56530172413793,0,59,140,0,93,125,232,0,21,15,0,51,100,215.4,12.8315789473684,0,15,0,19,0,19,140,0,14,0,19,0,11.1,970,108,59,417,34,66.6
12.7084615384615,0,30,0,65,65,196,53,0,6,0,65,229.6,13.5351351351351,0,17,0,37,37,159,16,0,12,0,37,100.4,-2.56842105263158,0,44,128,0,106,135,247,0,8,10,0,98,101,322,14.253125,0,13,0,16,0,16,143,0,10,0,16,0,13.8,954,95,54,413,29,64.1
13.4550847457627,0,32,0,59,59,198,58,0,10,0,59,154.3,13.6162162162162,0,24,0,37,37,161,21,0,7,0,37,42.1,-3.26947791164659,0,53,140,0,80,169,249,0,10,20,0,80,104,321.8,11.4119047619048,0,14,1,21,0,21,140,0,4,1,21,0,67.3,983,91,61,442,36,63.7
10.9204225352113,0,39,0,71,71,202,59,0,8,0,71,153.6,14.0142857142857,0,16,0,35,35,167,24,0,8,0,35,99.5,-3.6031914893617,0,45,118,0,60,167,235,0,9,23,0,34,125,376,11.2625,0,10,0,24,0,24,143,0,4,0,24,0,71.7,926,110,51,390,34,64.3
11.0274193548387,0,34,0,62,62,211,68,0,6,0,62,172.5,14.3661764705882,0,27,0,34,34,177,34,0,10,0,34,31.7,-2.16191489361702,0,32,141,0,98,136,235,0,13,10,0,43,111,369.7,9.22941176470588,0,23,0,34,0,34,143,0,11,0,34,0,36.2,955,96,61,407,57,70.9
12.6566666666667,0,39,0,60,60,203,62,0,8,0,60,107.8,13.6065789473684,0,21,0,38,38,165,24,0,9,0,38,75.5,-1.76543209876543,0,43,127,0,111,131,243,0,11,21,0,100,84,431.6,11.1020833333333,0,15,0,24,0,24,141,0,5,0,24,0,36.1,969,99,59,412,39,69.8
12.42421875,0,25,0,64,64,193,59,0,11,0,64,232.3,12.0829545454545,0,24,0,44,44,149,15,0,7,0,44,104.5,-1.41152263374486,0,34,133,0,109,132,243,0,6,18,0,95,110,368.5,14.8266666666667,0,12,0,15,0,15,134,0,5,0,15,0,4.7,967,89,68,408,27,68.2
11.4047619047619,0,31,0,63,63,210,59,0,9,0,63,159.7,14.1513888888889,0,27,0,36,36,174,23,0,14,0,36,34.1,-5.21152263374486,0,79,154,0,67,160,243,0,26,18,0,40,122,335.5,11.1630434782609,0,12,0,23,0,23,151,0,2,0,23,0,58.8,1005,94,63,460,35,64.3
9.67027027027027,0,29,0,74,74,199,57,0,5,0,74,242.7,14.3642857142857,0,28,0,35,35,164,22,0,11,0,35,45.2,-3.21495726495727,0,61,130,0,87,145,234,0,12,17,0,64,115,385.6,11.5,0,15,0,22,0,22,142,0,5,0,22,0,33.7,986,103,63,423,37,68.9
8.91083333333333,0,27,0,60,60,213,65,0,8,0,60,190.4,13.1425,0,20,0,40,40,173,25,0,12,0,40,106.6,-4.399375,0,59,151,0,88,152,240,0,17,21,0,88,104,239.8,10.73,0,11,0,25,0,25,148,0,4,0,25,0,83.5,1012,87,60,450,36,52.3
15.2688888888889,0,15,0,45,45,190,50,0,4,0,45,179,17.5692307692308,0,16,1,26,26,164,24,0,7,1,26,82.3,-1.31420664206642,0,47,132,0,92,178,271,0,9,15,0,80,123,442.2,10.9291666666667,0,14,0,24,0,24,140,0,7,0,24,0,80.2,931,60,43,449,38,58.4
12.34140625,0,39,0,64,64,194,59,0,8,0,64,160,14.7439393939394,0,24,0,33,33,161,26,0,5,0,33,18.9,0.466322314049587,0,17,119,0,101,130,242,0,8,8,0,96,55,421.1,10.5461538461538,0,17,0,26,0,26,135,0,10,0,26,0,80.5,883,103,57,367,43,73.4
11.2892857142857,0,41,0,70,70,203,72,0,12,0,70,146,14.0585714285714,0,14,0,35,35,168,37,0,8,0,35,136,-0.465470852017937,0,19,115,0,108,102,223,0,4,15,0,60,38,376.6,8.87567567567568,0,25,0,37,0,37,131,0,10,0,37,0,36.4,855,111,49,344,62,73.2
11.48,0,35,0,65,65,208,62,0,14,0,65,158.4,14.9045454545455,0,21,0,33,33,175,29,0,13,0,33,47.8,-0.676890756302521,0,23,120,0,130,103,238,0,7,12,0,122,92,398,10.0034482758621,0,14,0,29,0,29,146,0,5,0,29,0,81.1,965,100,54,376,43,52.2
13.2885964912281,0,12,0,57,57,195,57,0,6,0,57,218,13.03375,0,20,0,40,40,155,17,0,8,0,40,82.9,-0.58452380952381,0,14,114,0,79,161,252,0,3,8,0,53,118,500.2,13.4588235294118,0,16,0,17,0,17,138,0,11,0,17,0,0.5,851,69,60,368,33,50.4
8.95681818181818,0,38,0,66,66,207,70,0,13,0,66,206.7,14.0319444444444,0,16,0,36,36,171,34,0,3,0,36,104.1,-1.19323144104803,0,18,134,0,97,128,229,0,4,13,0,50,93,315.5,9.27941176470588,0,20,0,34,0,34,137,0,7,0,34,0,65.3,906,104,52,377,54,49.4
12.6131147540984,0,36,0,61,61,205,64,0,11,0,61,155.3,16.1051724137931,1,26,0,29,29,176,35,1,25,0,29,17,-2.20604166666667,0,39,136,0,109,128,240,0,11,26,0,42,103,375.9,9.14142857142857,0,17,0,35,0,35,141,0,4,0,35,0,84.8,965,97,56,412,52,50
14.1019230769231,0,35,0,52,52,199,51,0,13,0,52,111.1,13.1358974358974,0,24,0,39,39,160,12,0,10,0,39,68.3,-0.569465648854962,0,26,125,0,110,145,262,0,8,9,0,67,89,451.1,17.2666666666667,0,6,0,12,0,12,148,0,5,0,12,0,52.2,878,87,63,406,18,54
11.1140625,0,45,0,64,64,210,66,0,13,0,64,51.3,12.4674418604651,0,20,0,43,43,167,23,0,5,0,43,166.4,-2.31313559322034,0,41,124,0,93,142,236,0,10,14,0,70,109,375,11.3739130434783,0,15,0,23,0,23,144,0,5,0,23,0,27,966,109,63,400,38,62.1
16.0585365853659,0,29,0,41,41,197,53,0,11,0,41,69.4,15.284375,0,18,0,32,32,165,21,0,7,0,32,51.6,-0.253690036900369,0,19,139,0,163,101,271,0,6,9,0,79,69,459.9,11.8333333333333,0,16,0,21,0,21,144,0,10,0,21,0,7.2,864,70,50,422,37,63.8
11.2666666666667,0,30,0,69,69,204,57,0,9,0,69,154.4,14.4779411764706,0,8,0,34,34,170,23,0,5,0,34,139.4,-2.1102510460251,0,36,118,0,101,135,239,0,6,11,0,85,109,413.2,11.4934782608696,0,5,0,23,0,23,147,0,2,0,23,0,78.9,912,99,42,390,28,55.3
13.5590909090909,0,23,1,55,55,191,51,0,7,1,55,166.5,16.0879310344828,0,19,0,29,29,162,22,0,6,0,29,93.2,-0.658880308880309,0,31,131,0,127,131,259,0,7,20,0,104,100,483.2,11.5409090909091,0,8,0,22,0,22,140,0,2,0,22,0,30.3,930,79,48,420,30,58.6
13.5703703703704,0,25,0,54,54,196,59,0,6,0,54,168.2,14.5191176470588,0,19,0,34,34,162,25,0,4,0,34,77.3,1.04189723320158,0,22,125,0,130,118,253,0,4,16,0,80,110,466.1,10.958,0,11,0,25,0,25,137,0,5,0,25,0,47.8,901,79,53,395,36,59.2
14.5887755102041,0,25,0,49,49,198,58,0,5,0,49,102.9,17.5326923076923,0,16,0,26,26,172,32,0,6,0,26,32.8,-1.16705426356589,0,43,131,0,110,143,258,0,12,12,0,88,98,538.3,9.1796875,0,15,0,32,0,32,140,0,4,0,32,0,45.6,922,74,42,427,47,61.7
17.2789473684211,0,26,0,38,38,188,59,0,8,0,38,60.6,14.3882352941176,0,12,0,34,34,154,25,0,3,0,34,163.2,-0.553544776119403,0,33,167,0,115,142,268,0,3,23,0,91,89,321.7,10.916,0,20,0,25,0,25,129,0,10,0,25,0,8.7,936,64,46,457,45,68
18.275,2,18,0,36,36,194,61,2,4,0,36,83.1,13.5121621621622,0,20,1,37,37,157,24,0,7,1,37,75,-0.438246268656716,0,36,156,0,142,114,268,0,11,16,0,97,103,351.2,10.9791666666667,0,8,0,24,0,24,133,0,4,0,24,0,95.3,936,56,58,448,32,59.8
13.7416666666667,0,21,0,54,54,207,72,0,6,0,54,124.7,14.1585714285714,0,15,0,35,35,172,37,0,4,0,35,105.9,-0.329166666666667,0,26,131,0,108,126,240,0,5,16,0,101,97,319.6,8.87027027027027,0,16,0,37,0,37,135,0,5,0,37,0,78.6,929,75,50,391,53,43
15.6125,0,17,0,44,44,193,53,0,4,0,44,196.3,15.6066666666667,0,24,0,30,30,163,23,0,12,0,30,48,0.619216417910448,0,29,150,1,130,137,268,0,4,17,1,108,92,456.9,11.3391304347826,0,15,0,23,0,23,140,0,5,0,23,0,30.9,940,61,54,447,38,49.7
16.1166666666667,0,33,0,42,42,192,57,0,21,0,42,47,16.9333333333333,0,21,0,27,27,165,30,0,11,0,27,36,0.971804511278195,0,32,136,0,126,138,266,0,6,12,0,89,113,553.7,9.73166666666667,0,18,0,30,0,30,135,0,6,0,30,0,51.8,960,75,48,432,48,50.9
15.7681818181818,0,19,0,44,44,196,52,0,5,0,44,114.3,13.7944444444444,0,16,0,36,36,160,16,0,9,0,36,113,0.721561338289963,0,25,137,0,190,72,269,0,6,15,0,100,61,470.6,14.05,0,14,0,16,0,16,144,0,10,0,16,0,19.3,871,63,52,424,30,49.9
12.1068181818182,0,40,0,66,66,200,66,0,13,0,66,148.6,13.6027027027027,0,18,0,37,37,163,29,0,7,0,37,94.1,1.43205128205128,0,1,124,0,146,66,234,0,1,16,0,90,50,312,9.74310344827586,0,22,0,29,0,29,134,0,9,0,29,0,37.6,867,106,55,337,51,53
14.6416666666667,0,24,0,48,48,199,61,0,5,0,48,118.9,14.0194444444444,0,22,0,36,36,163,25,0,11,0,36,48.7,-0.665234375,0,25,146,0,143,108,256,0,5,11,0,93,82,264.1,10.672,0,19,0,25,0,25,138,0,10,0,25,0,29.5,922,72,58,422,44,44.4
19.0257575757576,1,18,0,33,33,194,55,1,3,0,33,123,15.5403225806452,1,23,0,31,31,163,24,1,9,0,31,28.2,-1.94963898916968,0,63,145,0,117,157,277,0,9,11,0,107,99,316.5,11.0916666666667,0,14,0,24,0,24,139,0,6,0,24,0,63.1,961,52,55,482,38,38
16.7089743589744,0,25,0,39,39,186,53,0,10,0,39,74.2,16.4603448275862,1,16,0,29,29,157,24,1,6,0,29,59.5,1.47619047619048,0,26,127,0,151,120,273,0,16,23,0,132,107,438.3,10.8791666666667,0,9,0,24,0,24,133,0,3,0,24,0,55.9,957,64,46,424,33,43.6
13.5981481481481,0,24,0,54,54,201,59,0,9,0,54,116.7,14.6893939393939,0,17,2,33,33,168,26,0,5,2,33,224.3,-1.3598814229249,0,32,111,0,104,143,253,0,8,13,0,73,112,503.8,10.6538461538462,0,15,0,26,0,26,142,0,5,0,26,0,41.1,901,78,52,390,41,43.5
15.3955555555556,0,20,0,45,45,182,44,0,7,0,45,70.5,15.6177419354839,0,12,0,31,31,151,13,0,2,0,31,117.8,1.01938405797101,0,29,150,0,142,124,276,0,6,15,0,127,108,391.1,15.7846153846154,0,11,0,13,0,13,138,0,8,0,13,0,1.8,939,65,43,445,24,44.7
19.4859375,0,24,0,32,32,191,60,0,8,0,32,48.7,12.8890243902439,0,23,0,41,41,150,19,0,7,0,41,90.1,1.67289377289377,0,18,159,0,208,61,273,0,12,18,0,138,43,400.4,12.5657894736842,0,11,0,19,0,19,131,0,6,0,19,0,30.8,920,56,64,446,30,43.8
13.4981818181818,0,38,0,55,55,205,65,0,14,0,55,72.4,14.2057142857143,0,16,0,35,35,170,30,0,5,0,35,89.2,1.68040816326531,0,8,105,0,138,100,245,0,3,19,0,106,95,433.4,9.94333333333333,0,16,0,30,0,30,140,0,4,0,30,0,65.1,907,93,51,351,46,37
15.1619565217391,0,15,0,46,46,192,58,0,5,0,46,162.5,13.4868421052632,0,19,0,38,38,154,20,0,5,0,38,101.7,0.183778625954198,0,22,162,0,139,104,262,0,10,24,0,95,48,281.4,12.3525,0,13,0,20,0,20,134,0,6,0,20,0,15.6,875,61,57,427,33,38.8
11.8561538461538,0,33,0,65,65,208,64,0,10,0,65,129.6,12.935,0,15,0,40,40,168,24,0,4,0,40,89,-0.17478813559322,0,9,111,0,108,118,236,0,4,11,0,48,84,312.6,11.0354166666667,0,14,0,24,0,24,144,0,3,0,24,0,52.4,830,98,55,346,38,36.9
20.8620689655172,2,21,0,29,29,193,55,2,7,0,29,46.8,13.9180555555556,0,26,0,36,36,157,19,0,8,0,36,79.1,1.03576512455516,0,37,166,0,157,111,281,0,7,13,0,156,110,291.7,12.8368421052632,0,17,0,19,0,19,138,0,12,0,19,0,1.5,1020,52,62,471,36,38.2
14.5865384615385,0,32,0,52,52,197,67,0,9,0,52,72.1,14.1842857142857,0,11,0,35,35,162,32,0,3,0,35,60.1,-0.124186991869919,0,27,143,0,127,100,246,0,7,12,0,107,54,363.5,9.3671875,0,28,0,32,0,32,130,0,21,0,32,0,8.6,919,84,46,397,60,62.5
17.409756097561,0,25,0,41,41,184,47,0,8,0,41,114.9,17.642,0,22,0,25,25,159,22,0,10,0,25,18.4,-0.356317689530686,0,41,143,0,131,140,277,0,14,16,0,118,118,434.5,11.5431818181818,0,12,0,22,0,22,137,0,3,0,22,0,26.3,977,66,47,455,34,70.4
16.8988095238095,0,26,0,42,42,191,56,0,10,0,42,114,13.8402777777778,0,25,0,36,36,155,20,0,9,0,36,37.8,1.05898876404494,0,41,125,1,160,100,267,0,13,11,1,154,80,496.3,12.335,0,14,0,20,0,20,135,0,8,0,20,0,23.1,974,68,61,427,34,62.6
15.01,0,32,0,50,50,189,57,0,14,0,50,60.8,17.1884615384615,0,20,0,26,26,163,31,0,12,0,26,63.3,-0.167567567567568,0,27,138,0,153,98,259,0,14,19,0,98,88,421.4,9.43548387096774,0,22,0,31,0,31,132,0,13,0,31,0,30.5,962,82,46,416,53,68
16.6244186046512,0,37,0,43,43,188,53,0,18,0,43,12.8,16.8314814814815,0,18,0,27,27,161,26,0,8,0,27,47.2,-0.511338289962825,0,51,143,0,117,140,269,0,7,19,0,103,101,469.6,10.5192307692308,0,21,0,26,0,26,135,0,13,0,26,0,22.3,988,80,45,451,47,69.3
16.3125,0,21,0,44,44,186,52,0,5,0,44,147.6,16.2982142857143,0,20,0,28,28,158,24,0,9,0,28,37.5,-0.429925650557621,0,38,153,0,144,122,269,0,14,17,0,103,107,376.4,11.2208333333333,0,18,0,24,0,24,134,0,7,0,24,0,23.5,970,65,48,457,42,72.1
16.6837209302326,0,22,0,43,43,187,55,0,5,0,43,96.8,14.3367647058824,0,27,0,34,34,153,21,0,7,0,34,19.6,1.21161048689139,0,20,146,0,168,70,267,0,4,17,0,94,41,359,12.0261904761905,0,20,0,21,0,21,132,0,15,0,21,0,2.6,852,65,61,404,41,74.9
19.4328571428571,0,23,0,35,35,183,48,0,10,0,35,87.1,17.748,1,21,0,25,25,158,23,1,7,0,25,28.7,2.55883392226148,0,15,165,0,189,89,283,0,4,28,0,119,75,414.5,11.1782608695652,0,17,0,23,0,23,135,0,6,0,23,0,16.3,936,58,47,458,40,66.8
19.0152777777778,1,24,1,36,36,182,50,1,16,1,36,144.6,16.0310344827586,0,23,0,29,29,153,21,0,15,0,29,30.9,1.34767025089606,0,26,155,0,158,105,279,0,6,9,0,95,50,402.5,11.9047619047619,0,13,0,21,0,21,132,0,9,0,21,0,29.9,880,62,52,444,34,67.6
15.26875,0,18,0,48,48,192,63,0,4,0,48,126,15.7466666666667,0,16,0,30,30,162,33,0,8,0,30,55.7,2.97854330708661,0,0,133,0,171,70,254,0,0,19,0,137,37,576.7,9.42878787878788,0,24,0,33,0,33,129,0,10,0,33,0,33.6,869,66,46,374,57,66.8
17.8589743589744,1,27,0,39,39,187,57,1,12,0,39,64.4,13.1153846153846,0,29,0,39,39,148,18,0,10,0,39,24.6,3.4042750929368,0,9,154,0,211,44,269,0,3,12,0,153,19,391.5,13.3416666666667,0,12,0,18,0,18,130,0,8,0,18,0,32.4,897,67,68,418,30,71.6
15.6808510638298,0,33,0,47,47,193,57,0,10,0,47,59.4,14.2808823529412,0,25,0,34,34,159,23,0,12,0,34,19.8,-0.883969465648855,0,39,152,0,133,121,262,0,5,14,0,78,93,313.9,11.4782608695652,0,18,0,23,0,23,136,0,14,0,23,0,25,955,80,59,445,41,60.9
14.5018867924528,0,28,0,53,53,192,54,0,5,0,53,166.5,16.048275862069,2,19,0,29,29,163,25,2,9,0,29,53.3,0.351550387596899,0,24,132,0,138,102,258,0,6,9,0,112,83,504.4,10.842,1,21,0,25,0,25,138,1,11,0,25,0,9.2,919,81,50,396,47,56
14.937,0,29,0,50,50,184,49,0,11,0,50,156.1,14.630303030303,0,21,0,33,33,151,16,0,6,0,33,85.1,-0.834774436090226,0,45,156,0,141,109,266,0,11,17,0,118,63,411.1,14.33125,0,16,0,16,0,16,135,0,16,0,16,0,0,957,79,54,451,32,61.4
15.725,0,15,0,46,46,183,45,0,5,0,46,186.7,15.4629032258065,0,20,0,31,31,152,14,0,7,0,31,30.9,0.692883211678832,0,37,146,0,173,95,274,0,10,16,0,165,92,456.2,15.3392857142857,0,11,0,14,0,14,138,0,4,0,14,0,10.3,978,61,51,451,25,67
16.990243902439,0,22,0,41,41,185,52,0,11,0,41,72.9,16.3310344827586,0,19,0,29,29,156,23,0,6,0,29,51.9,0.598351648351648,0,36,160,1,128,130,273,0,10,20,1,114,87,576.1,10.8021739130435,0,14,0,23,0,23,133,0,5,0,23,0,33.9,950,63,48,455,37,61.1
17.0011904761905,0,19,0,42,42,186,51,0,7,0,42,100.2,14.0485714285714,0,18,0,35,35,151,16,0,4,0,35,80.6,0.7125,0,30,135,0,147,109,272,0,8,19,0,147,57,599.7,14.2375,0,14,0,16,0,16,135,0,9,0,16,0,6.7,909,61,53,421,30,59.6
17.3513157894737,0,24,0,38,38,197,59,0,14,0,38,119.5,12.7158536585366,0,29,0,41,41,156,18,0,12,0,41,46.6,1.52667910447761,0,28,164,0,157,108,268,0,13,23,0,139,86,488.8,12.9361111111111,0,15,0,18,0,18,138,0,8,0,18,0,26.4,1014,62,70,457,33,53.6
17.7569444444444,1,28,0,36,36,184,53,1,10,0,36,39,14.1542857142857,0,21,0,35,35,149,18,0,7,0,35,56,2.49800724637681,0,29,159,0,203,60,276,0,4,15,0,141,44,490.4,13.1,0,11,0,18,0,18,131,0,5,0,18,0,29.8,917,65,56,451,29,44.2
16.2963414634146,0,21,0,41,41,180,46,0,9,0,41,90.8,14.8742424242424,0,17,0,33,33,147,13,0,9,0,33,100.5,2.43942652329749,0,24,142,0,173,92,279,0,5,16,0,143,83,613.1,16.1769230769231,0,9,0,13,0,13,134,0,9,0,13,0,14.7,926,62,50,431,22,33.8
17.075,0,20,0,38,38,192,51,0,7,0,38,90.3,15.835,0,20,0,30,30,162,21,0,5,0,30,63.4,-1.05670289855072,0,60,161,1,143,124,276,0,13,12,1,96,94,511.1,11.9095238095238,0,15,0,21,0,21,141,0,8,0,21,0,27,958,58,50,489,36,39.5
17.2802631578947,0,26,0,38,38,183,49,0,10,0,38,80.9,17.262962962963,0,25,0,27,27,156,22,0,12,0,27,21.1,0.933273381294964,0,40,150,0,172,96,278,0,8,17,0,140,85,627,11.3613636363636,0,13,0,22,0,22,134,0,3,0,22,0,37.5,971,64,52,458,35,37.2
12.284375,0,30,0,64,64,201,57,0,8,0,64,230.2,14.7,0,27,0,33,33,168,24,0,12,0,33,18.7,-1.92110655737705,0,51,159,0,126,110,244,0,16,20,0,97,89,286.4,11.0479166666667,0,16,0,24,0,24,144,0,7,0,24,0,59.8,1010,94,60,446,40,37.6
19.4765625,0,20,1,32,32,180,46,0,8,1,32,181,17.4884615384615,1,15,0,26,26,154,20,1,6,0,26,47.7,2.32795138888889,0,19,155,1,178,98,288,0,4,8,1,118,36,573,12.4,0,15,0,20,0,20,134,0,7,0,20,0,9.5,849,53,42,451,35,40.2
16.76875,0,27,0,40,40,181,51,0,12,0,40,103.8,16.425,0,21,0,28,28,153,23,0,15,0,28,39.5,3.87390510948905,0,14,160,0,206,56,274,0,6,19,0,177,40,495.1,11.3326086956522,0,17,0,23,0,23,130,0,11,0,23,0,25.9,963,67,49,436,40,44.2
16.60125,0,24,0,40,40,187,61,0,6,0,40,103.4,15.0890625,0,22,0,32,32,155,29,0,8,0,32,64,3.70738636363636,0,4,139,0,208,34,264,0,2,12,0,148,23,602.2,9.99655172413793,0,19,0,29,0,29,126,0,7,0,29,0,15.1,858,64,54,385,48,40.5
16.9525641025641,0,23,0,39,39,193,65,0,12,0,39,93.2,15.5833333333333,0,22,0,30,30,163,35,0,14,0,30,39.2,2.64061302681992,0,12,150,0,200,54,261,0,4,18,0,142,45,554.2,9.20714285714286,0,28,0,35,0,35,128,0,7,0,35,0,35.9,939,62,52,416,63,35.4
16.885,0,27,0,40,40,180,46,0,9,0,40,68.9,15.798275862069,0,24,0,29,29,151,17,0,11,0,29,8.9,3.17607142857143,0,6,152,0,228,21,280,0,3,12,0,107,11,559.4,13.7764705882353,0,15,0,17,0,17,134,0,10,0,17,0,5.2,808,67,53,407,32,35.8
16.8628205128205,0,26,1,39,39,184,58,0,13,1,39,126.7,12.3534090909091,0,26,0,44,44,140,14,0,5,0,44,68.4,2.06940298507463,0,7,184,0,222,31,268,0,2,20,0,164,24,407.6,15.4714285714286,0,13,0,14,0,14,126,0,7,0,14,0,0.5,940,66,70,444,27,34.9
19.9403225806452,4,24,0,31,31,194,64,3,14,0,31,22.7,15.1703125,0,23,0,32,32,162,32,0,13,0,32,22.1,1.89222222222222,0,25,158,0,171,79,270,0,9,21,0,134,48,559.3,9.5546875,0,23,0,32,0,32,130,0,9,0,32,0,44.5,948,59,55,433,55,35.2
15.846511627907,0,29,0,43,43,179,40,0,11,0,43,65.2,17.5403846153846,0,13,0,26,26,153,14,0,9,0,26,61.6,2.77943262411348,0,16,154,0,212,51,282,0,7,13,0,135,22,533.8,15.0321428571429,0,8,0,14,0,14,139,0,4,0,14,0,22.3,850,72,39,433,22,31
16.49875,0,32,0,40,40,198,58,0,17,0,40,14.4,13.9458333333333,0,16,0,36,36,162,22,0,8,0,36,197,0.962873134328358,0,38,156,0,143,114,268,0,7,18,0,129,106,415.5,11.7340909090909,0,15,0,22,0,22,140,0,5,0,22,0,48.2,1000,72,52,451,37,36.1
18.5842857142857,0,24,0,35,35,185,50,0,13,0,35,97.2,17.8916666666667,0,18,0,24,24,161,26,0,7,0,24,54,2.78696428571429,0,16,177,0,200,73,280,0,5,19,0,156,56,403.5,10.7673076923077,0,21,0,26,0,26,135,0,11,0,26,0,10.9,966,59,42,466,47,34.9
15.2433333333333,0,13,0,45,45,191,56,0,4,0,45,182.9,15.5887096774194,0,17,0,31,31,160,25,0,5,0,31,92.3,1.98939393939394,0,17,151,0,183,60,264,0,2,20,0,125,18,376.6,10.674,0,14,0,25,0,25,135,0,6,0,25,0,25.9,837,58,48,411,39,35.8
18.7014705882353,0,26,0,34,34,179,45,0,8,0,34,25,18.1833333333333,0,19,0,24,24,155,21,0,16,0,24,27.9,3.22552447552448,0,15,157,0,196,87,286,0,5,21,0,184,65,546.1,12.0142857142857,0,16,0,21,0,21,134,0,8,0,21,0,21.7,981,60,43,455,37,38.7
16.70625,0,18,0,40,40,184,54,0,5,0,40,90.5,14.2676470588235,0,22,0,34,34,150,20,0,6,0,34,73.5,4.29338235294118,0,7,184,0,199,71,272,0,3,17,0,178,61,476.8,12.385,0,15,0,20,0,20,130,0,13,0,20,0,23.6,987,58,56,461,35,36.8
18.9121212121212,0,16,0,33,33,188,56,0,8,0,33,109.9,16.7160714285714,0,20,0,28,28,160,28,0,15,0,28,30.3,2.87264492753623,0,23,175,0,157,97,276,0,5,14,0,136,62,471.7,10.1803571428571,0,19,0,28,0,28,132,0,6,0,28,0,16.6,931,49,48,452,47,39.2
18.0222222222222,0,15,0,36,36,172,51,0,11,0,36,112.5,15.9724137931034,0,19,0,29,29,143,22,0,11,0,29,38.2,2.80989208633094,0,15,207,0,195,64,278,0,3,37,0,147,25,274.4,11.7840909090909,0,16,0,22,0,22,121,0,9,0,22,0,28.2,948,51,48,481,38,40.9
21.4892857142857,3,19,0,28,28,191,48,3,7,0,28,49.3,15.3612903225806,0,18,0,31,31,160,17,0,5,0,31,36.1,2.5719723183391,0,21,173,0,181,87,289,0,7,18,0,121,44,409.2,13.7264705882353,0,13,0,17,0,17,143,0,10,0,17,0,13.2,882,50,49,462,30,41.3
17.7875,0,25,0,36,36,194,65,0,13,0,36,94.3,14.0652777777778,0,18,0,36,36,158,29,0,3,0,36,146.5,2.57660377358491,0,16,147,1,144,113,265,0,3,12,1,128,86,433.2,10.0103448275862,0,22,0,29,0,29,129,0,7,0,29,0,30.5,941,61,54,421,51,30.5
18.1542857142857,0,18,0,35,35,185,58,0,8,0,35,153.3,14.3371428571429,0,21,0,35,35,150,23,0,7,0,35,71.7,3.12003676470588,0,26,181,0,176,78,272,0,5,21,0,145,69,368,11.304347826087,0,15,0,23,0,23,127,0,8,0,23,0,11.3,964,53,56,461,38,29.5
18.8893939393939,0,30,0,33,33,186,54,0,12,0,33,11.6,17.3980769230769,0,21,0,26,26,160,28,0,8,0,26,21.9,3.65989208633094,0,29,181,1,178,79,278,0,7,29,1,118,63,499.1,10.1660714285714,0,20,0,28,0,28,132,0,6,0,28,0,25.5,957,63,47,468,48,31.4
17.0128205128205,0,16,0,39,39,176,56,0,3,0,39,163.1,16.3241379310345,0,20,0,29,29,147,27,0,8,0,29,25.5,3.89166666666667,0,17,134,1,200,53,270,0,6,14,1,116,46,560.4,9.8962962962963,0,15,0,27,0,27,120,0,4,0,27,0,26.2,844,55,49,405,42,33.9
16.76125,0,19,0,40,40,186,57,0,9,0,40,109.5,15.0375,0,13,0,32,32,154,25,0,7,0,32,92.1,4.52843866171004,0,1,110,0,189,50,269,0,1,20,0,137,23,738.7,10.61,0,21,0,25,0,25,129,0,15,0,25,0,6.7,809,59,45,350,46,33.6
16.9371794871795,0,22,0,39,39,190,53,0,5,0,39,82.9,14.4823529411765,0,23,0,34,34,156,19,0,13,0,34,42.9,2.30018315018315,0,18,146,0,175,88,273,0,3,16,0,125,73,363.9,12.8026315789474,0,8,0,19,0,19,137,0,4,0,19,0,46.3,903,61,57,427,27,32.7
21.5035714285714,2,19,0,28,28,192,44,2,12,0,28,73.7,17.0480769230769,1,22,0,26,26,166,18,1,9,0,26,26.9,0.90358361774744,0,51,148,0,150,137,293,0,9,18,0,128,95,479.8,13.1722222222222,0,14,0,18,0,18,148,0,12,0,18,0,27.4,974,49,49,486,32,28
19.7765625,0,22,0,32,32,182,44,0,9,0,32,112.4,17.652,1,14,0,25,25,157,19,1,6,0,25,54.2,3.6818339100346,0,24,146,0,180,102,289,0,13,13,0,163,98,602.2,12.6921052631579,0,10,0,19,0,19,138,0,4,0,19,0,27.7,958,54,40,452,29,32.5
16.5012195121951,0,22,0,41,41,191,51,0,6,0,41,74,15.1532258064516,0,18,0,31,31,160,20,0,7,0,31,63.9,1.79726277372263,0,26,112,0,153,118,274,0,8,10,0,147,80,634.5,12.45,0,15,0,20,0,20,140,0,12,0,20,0,27.2,918,63,49,409,35,37.4
17.8216216216216,0,25,0,37,37,175,39,0,7,0,37,59,16.937037037037,0,18,0,27,27,148,12,0,9,0,27,49.9,3.14117647058824,0,31,160,0,178,106,289,0,12,25,0,158,106,496.6,16.3375,0,9,0,12,0,12,136,0,5,0,12,0,15.8,1001,62,45,475,21,40.8
19.4703125,1,21,0,32,32,182,70,1,8,0,32,25.4,13.525,0,20,0,38,38,144,32,0,7,0,38,69.2,4.02813688212928,1,15,147,0,212,26,263,1,12,19,0,143,9,469.4,9.0453125,0,25,0,31,1,32,112,0,8,0,19,1,22.8,868,54,58,401,57,33.3
15.4818181818182,0,29,0,44,44,190,59,0,17,0,44,86.3,14.8712121212121,0,16,0,33,33,157,26,0,9,0,33,97,4.29389312977099,0,1,138,0,198,49,262,0,1,22,0,158,49,434.7,10.4807692307692,0,13,0,26,0,26,131,0,3,0,26,0,47.3,909,73,49,386,39,30
17.4581081081081,0,24,0,37,37,182,49,0,10,0,37,77.1,15.2467741935484,0,17,0,31,31,151,18,0,7,0,31,71.2,2.86482142857143,0,16,175,0,202,65,280,0,7,25,0,148,34,350.3,13.2611111111111,0,11,0,18,0,18,133,0,7,0,18,0,29.2,920,61,48,458,29,37.5
16.1154761904762,0,23,0,42,42,195,54,0,9,0,42,103.4,14.6227272727273,0,20,0,33,33,162,21,0,5,0,33,57.5,2.94312267657993,0,6,132,0,185,66,269,0,3,10,0,82,36,454.3,12.1,0,12,0,21,0,21,141,0,5,0,21,0,37.1,786,65,53,389,33,37.2
20.6448275862069,4,24,0,29,29,182,46,3,14,0,29,27.4,15.2390625,0,25,0,32,32,150,14,0,11,0,32,27.3,3.64603448275862,2,20,177,0,195,90,290,2,7,22,0,166,69,346,15.3464285714286,0,13,0,14,0,14,136,0,13,0,14,0,5.1,1007,57,57,484,27,37.8
14.7259615384615,0,25,0,52,52,198,67,0,6,0,52,143.7,13.9597222222222,0,15,0,36,36,162,31,0,4,0,36,82.1,-0.401422764227642,0,21,130,0,101,143,246,0,7,14,0,101,100,415.1,9.26935483870968,0,22,0,31,0,31,131,0,13,0,31,0,15,940,77,51,395,53,51.3
17.1743902439024,0,17,0,41,41,187,46,0,4,0,41,102.9,18.1875,0,17,0,24,24,163,22,0,12,0,24,9.1,-0.597122302158273,0,43,130,0,128,145,278,0,14,24,0,118,119,450.4,11.8590909090909,0,13,0,22,0,22,141,0,6,0,22,0,29.6,964,58,41,446,35,56
17.1719512195122,0,26,0,41,41,190,55,0,9,0,41,62.2,14.1142857142857,0,23,0,35,35,155,20,0,9,0,35,38.3,1.12044609665428,0,36,111,0,139,128,269,0,12,9,0,131,101,610.4,12.4075,0,14,0,20,0,20,135,0,9,0,20,0,41.3,949,67,58,414,34,54.5
15.3010416666667,0,26,0,48,48,188,47,0,6,0,48,122.6,18.19375,0,16,0,24,24,164,23,0,7,0,24,68.3,0.286531365313653,0,26,118,0,152,115,271,0,20,10,0,100,91,447.8,11.3434782608696,0,18,0,23,0,23,141,0,13,0,23,0,7.2,908,74,40,411,41,53.3
17.56125,0,34,0,40,40,188,51,0,22,0,40,37.5,16.9074074074074,0,18,0,27,27,161,24,0,9,0,27,34.4,-0.177737226277372,0,35,134,0,123,147,274,0,5,18,0,107,99,475.3,10.79375,0,20,0,24,0,24,137,0,13,0,24,0,19.9,966,74,45,439,44,56
16.7162790697674,0,21,0,43,43,184,48,0,7,0,43,152.7,17.1807692307692,0,20,0,26,26,158,22,0,9,0,26,12.3,0.0324817518248176,0,28,122,0,124,141,274,0,8,18,0,95,117,533.3,11.7909090909091,0,13,0,22,0,22,136,0,4,0,22,0,24.6,909,64,46,415,35,57.3
16.7952380952381,0,24,0,42,42,187,53,0,8,0,42,49.5,14.6455882352941,0,25,0,34,34,153,19,0,8,0,34,19.8,0.901296296296296,0,21,146,0,156,105,270,0,8,20,0,120,62,357.5,12.1210526315789,0,15,0,19,0,19,134,0,6,0,19,0,6,914,66,59,428,34,56.8
19.0957142857143,0,23,1,35,35,185,47,0,7,1,35,125.4,17.7826923076923,0,20,0,26,26,159,21,0,9,0,26,41.2,2.10845070422535,0,16,162,1,175,101,284,0,5,21,1,107,81,409.8,11.6309523809524,0,15,0,21,0,21,138,0,6,0,21,0,23.8,916,59,46,455,36,48.9
19.1542857142857,1,24,0,35,35,182,48,1,12,0,35,28.7,16.4553571428571,0,20,0,28,28,154,20,0,11,0,28,36.6,1.11170212765957,0,21,130,0,155,110,282,0,7,11,0,97,49,401.4,12.415,0,14,0,20,0,20,134,0,9,0,20,0,31,838,60,48,416,34,46.4
15.2428571428571,0,25,0,49,49,193,61,0,5,0,49,119.2,16.0413793103448,0,20,0,29,29,164,32,0,7,0,29,36.4,2.46450980392157,0,0,118,0,140,108,255,0,0,18,0,115,98,619.9,9.4640625,0,17,0,32,0,32,132,0,11,0,32,0,45.2,902,74,49,366,49,49.8
17.9923076923077,0,31,1,39,39,188,57,0,15,1,39,82.4,14.878125,0,26,0,32,32,156,25,0,9,0,32,13.5,3.00855018587361,0,10,133,0,205,51,269,0,2,9,0,103,19,339.9,10.758,0,10,0,25,0,25,131,0,6,0,25,0,39.1,823,71,58,399,35,51.9
15.7191489361702,0,32,0,47,47,197,59,0,11,0,47,78.7,13.9828571428571,0,17,0,35,35,162,24,0,7,0,35,46.5,-1.2975,0,33,131,0,132,121,260,0,7,11,0,78,93,270.6,11.2541666666667,0,16,0,24,0,24,138,0,8,0,24,0,26.5,909,79,52,417,40,49.2
14.55,0,25,0,52,52,196,58,0,5,0,52,122.4,15.0636363636364,0,17,0,33,33,163,25,0,6,0,33,94.7,-0.292745098039216,0,26,108,0,118,133,255,0,6,8,0,104,101,522.1,10.418,0,19,0,25,0,25,138,0,5,0,25,0,18.6,901,77,50,385,44,41.1
14.6153846153846,0,31,0,52,52,184,50,0,11,0,52,132.2,14.569696969697,0,22,0,33,33,151,17,0,6,0,33,44.4,-1.47737642585551,0,44,154,0,133,119,263,0,9,19,0,114,91,295.2,13.7823529411765,0,15,0,17,0,17,134,0,14,0,17,0,2.9,986,83,55,450,32,44.3
15.6478723404255,0,20,0,47,47,185,47,0,8,0,47,115.5,15.059375,0,17,0,32,32,153,15,0,7,0,32,54.9,0.246863468634686,0,30,133,0,141,117,271,0,6,17,0,115,92,410.7,14.6666666666667,0,12,0,15,0,15,138,0,5,0,15,0,5,908,67,49,421,27,44.8
17.51,0,23,0,40,40,188,52,0,11,0,40,108.8,15.74,0,21,0,30,30,158,22,0,8,0,30,25,0.188503649635037,0,38,145,0,129,125,274,0,10,20,0,94,97,475.5,10.9295454545455,0,12,0,22,0,22,136,0,4,0,22,0,55.2,921,63,51,437,34,42.2
16.3709302325581,0,17,0,43,43,190,52,0,4,0,43,133.3,14.1585714285714,0,18,0,35,35,155,17,0,4,0,35,128,0.447592592592593,0,21,128,0,132,123,270,0,4,19,0,109,86,524.1,13.8617647058824,0,10,0,17,0,17,138,0,6,0,17,0,23.3,871,60,53,404,27,42
16.725,0,22,0,40,40,197,64,0,13,0,40,90.9,12.6535714285714,0,30,0,42,42,155,22,0,8,0,42,88,1.27547892720307,0,23,147,0,141,114,261,0,13,14,0,95,92,469,11.4204545454545,0,17,0,22,0,22,133,0,7,0,22,0,13.3,944,62,72,425,39,44.8
18.2214285714286,0,26,0,35,35,185,53,0,9,0,35,19,13.8513888888889,0,22,0,36,36,149,17,0,6,0,36,65.7,2.24909747292419,0,24,149,0,176,85,277,0,4,15,0,139,75,513.3,13.75,0,11,0,17,0,17,132,0,5,0,17,0,23,922,61,58,434,28,43.1
16.4536585365854,0,20,0,41,41,183,47,0,9,0,41,115.3,14.1914285714286,0,19,0,35,35,148,12,0,6,0,35,73.3,2.01654676258993,0,18,138,0,143,130,278,0,5,16,0,136,103,605.3,17.1375,0,7,0,12,0,12,136,0,3,0,12,0,14.8,929,61,54,429,19,33
16.66875,0,18,0,40,40,193,53,0,9,0,40,130.1,15.7931034482759,0,16,0,29,29,164,24,0,6,0,29,59.3,-1.45827205882353,0,61,141,0,125,145,272,0,13,11,0,112,108,480.6,11.1708333333333,0,15,0,24,0,24,140,0,4,0,24,0,21.6,970,58,45,472,39,35.5
17.1618421052632,0,24,1,38,38,183,49,0,8,1,38,128.6,17.2596153846154,0,23,0,26,26,157,23,0,18,0,26,16.1,0.578597122302158,0,36,130,1,140,136,278,0,8,17,1,137,115,669.9,11.4630434782609,0,14,0,23,0,23,134,0,6,0,23,0,39.7,990,63,49,443,37,31.7
12.0931818181818,0,31,0,66,66,201,62,0,6,0,66,247.9,14.1485714285714,0,25,0,35,35,166,27,0,9,0,35,46.5,-2.44050632911392,0,45,140,0,99,135,237,0,17,15,0,89,99,268.4,10.3666666666667,0,17,0,27,0,27,139,0,12,0,27,0,47.9,995,97,60,419,44,33.6
19.753125,0,18,0,32,32,180,44,0,6,0,32,64.9,17.53,0,19,0,25,25,155,19,0,6,0,25,42.4,1.89844827586207,0,20,142,0,156,129,290,0,6,11,0,109,78,573.1,12.7289473684211,0,15,0,19,0,19,136,0,8,0,19,0,2.6,875,50,44,447,34,35.2
16.8641025641026,0,23,0,39,39,182,53,0,8,0,39,107.4,15.905,0,17,0,30,30,152,23,0,11,0,30,26.7,3.46575091575092,0,13,141,0,182,85,273,0,7,9,0,161,34,511.5,11.3652173913043,0,16,0,23,0,23,129,0,11,0,23,0,19.6,902,62,47,421,39,34.2
16.1238095238095,0,17,0,42,42,186,66,0,6,0,42,125,14.11,0,23,0,35,35,151,31,0,9,0,35,41.9,2.66848249027237,0,10,120,0,180,62,257,0,4,11,0,103,37,559.6,9.69193548387097,0,19,0,31,0,31,120,0,7,0,31,0,32.8,824,59,58,372,50,34.6
17.0128205128205,0,23,0,39,39,194,60,0,12,0,39,109.6,16.1586206896552,0,20,0,29,29,165,31,0,11,0,29,37.2,2.32800751879699,0,8,139,0,168,86,266,0,2,14,0,110,80,436.2,9.59193548387097,0,18,0,31,0,31,134,0,7,0,31,0,54.4,896,62,49,401,49,29.4
16.74125,0,24,0,40,40,181,49,0,8,0,40,57.9,15.5916666666667,0,25,0,30,30,151,19,0,10,0,30,28,2.70415162454874,1,4,124,0,173,77,277,1,2,12,0,99,50,677.7,12.6815789473684,0,16,0,19,0,19,132,0,14,0,19,0,10.4,818,64,55,379,35,28.9
15.8639534883721,0,23,2,43,43,190,60,0,9,1,43,183.4,12.3802325581395,0,27,0,43,43,147,17,0,5,0,43,50.1,1.22309160305344,0,5,160,0,181,51,262,0,2,21,0,145,24,348.9,13.6235294117647,0,14,0,17,0,17,130,0,9,0,17,0,17.5,885,68,70,397,31,26.8
19.6015625,3,21,0,32,32,195,63,2,10,0,32,49.4,15.605,0,21,0,30,30,165,33,0,14,0,30,48.4,1.3187037037037,0,26,136,0,164,101,270,0,17,17,0,128,73,564.4,9.50454545454545,0,18,0,33,0,33,132,0,5,0,33,0,74.7,946,56,51,427,51,26.2
15.8662790697674,0,29,0,43,43,182,40,0,12,0,43,40,16.7642857142857,0,15,0,28,28,154,12,0,4,0,28,20.5,2.42588652482269,0,15,138,0,151,123,282,0,9,10,0,134,61,544.5,16.4166666666667,0,8,0,12,0,12,142,0,8,0,12,0,10,883,72,43,427,20,25.7
16.54,0,32,0,40,40,198,57,0,11,0,40,21.4,13.9608108108108,0,15,1,37,37,161,20,0,2,1,37,176,0.781598513011152,0,24,150,0,147,115,269,0,6,13,0,130,104,510.4,12.0775,0,11,0,20,0,20,141,0,4,0,20,0,53.3,960,72,53,436,31,30.2
18.5205882352941,0,24,0,34,34,187,48,0,11,0,34,51.8,17.672,0,17,0,25,25,162,23,0,7,0,25,56.5,2.36678445229682,0,11,156,0,196,83,283,0,3,10,0,141,56,447.6,11.4391304347826,0,20,0,23,0,23,139,0,9,0,23,0,7.5,908,58,42,446,43,28.8
15.3988888888889,0,13,0,45,45,191,53,0,3,0,45,178.4,15.7066666666667,0,13,0,30,30,161,23,0,5,0,30,115.6,1.51985018726592,0,20,142,0,175,58,267,0,5,12,0,106,18,468.6,11.1586956521739,0,12,0,23,0,23,138,0,4,0,23,0,43.2,782,58,43,395,35,21.4
19.0742424242424,1,22,0,33,33,179,45,1,10,0,33,25.7,19.0130434782609,0,17,0,23,23,156,22,0,11,0,23,16.7,3.00644599303136,0,17,140,0,175,103,287,0,7,18,0,145,66,542.7,11.625,0,15,0,22,0,22,134,0,7,0,22,0,17.4,911,56,40,435,37,23.7
16.85625,0,17,0,40,40,183,56,0,5,0,40,77.9,14.3,0,18,0,34,34,149,22,0,5,0,34,80,3.97537037037037,0,6,154,0,198,55,270,0,3,20,0,169,17,526.5,11.6590909090909,0,14,0,22,0,22,127,0,9,0,22,0,25.6,882,57,52,413,36,22.9
19.2939393939394,0,15,0,33,33,188,58,0,8,0,33,76.1,16.662962962963,0,16,0,27,27,161,31,0,6,0,27,75,2.40729927007299,0,22,136,0,140,118,274,0,5,7,0,115,66,481.5,9.81774193548387,0,15,0,31,0,31,130,0,6,0,31,0,52.5,857,48,43,416,46,23.3
19.4203125,0,22,0,32,32,184,49,0,7,0,32,24.4,16.2931034482759,0,14,0,29,29,155,20,0,3,0,29,102.3,2.65404929577465,0,13,188,0,168,71,284,0,3,23,0,112,19,316.9,12.21,0,17,0,20,0,20,135,0,16,0,20,0,2.4,838,54,43,440,37,25.3
21.4732142857143,0,23,0,28,28,192,50,0,8,0,28,10.5,14.8530303030303,0,18,0,33,33,159,17,0,4,0,33,66.7,2.14599303135889,0,23,164,0,192,77,287,0,8,22,0,121,38,417.1,13.3176470588235,0,11,0,17,0,17,142,0,4,0,17,0,11.3,869,51,51,456,28,24.6
17.6594594594595,0,22,2,37,37,197,62,0,8,1,37,211.6,14.2014285714286,0,12,0,35,35,162,27,0,2,0,35,125.1,2.10973782771536,0,12,136,0,153,110,267,0,4,12,0,134,85,462.5,10.3981481481481,0,14,0,27,0,27,135,0,3,0,27,0,41.3,908,61,47,411,41,15.5
18.9666666666667,0,18,0,33,33,184,59,0,10,0,33,70.4,14.0611111111111,0,23,0,36,36,148,23,0,11,0,36,106.3,2.80750915750916,0,18,156,0,177,88,273,0,5,14,0,115,70,453.3,11.3978260869565,0,14,0,23,0,23,125,0,4,0,23,0,26.1,907,51,59,439,37,17.6
18.6705882352941,0,29,0,34,34,185,53,0,9,0,34,4.5,17.984,0,20,0,25,25,160,28,0,7,0,25,16,3.13974820143885,0,19,163,0,173,92,278,0,6,29,0,121,64,482.9,10.1785714285714,0,17,0,28,0,28,132,0,7,0,28,0,54.2,930,63,45,447,45,18.7
17.3013513513514,0,21,0,37,37,178,52,0,7,0,37,64.5,15.8833333333333,0,19,0,30,30,148,22,0,11,0,30,44.4,3.75,0,14,134,1,217,51,276,0,6,19,1,150,43,623.3,11.6863636363636,0,12,0,22,0,22,126,0,5,0,22,0,27.2,889,58,49,417,34,20.1
16.6782051282051,0,25,0,39,39,186,58,0,9,0,39,59.7,15.1125,0,15,0,32,32,154,26,0,6,0,32,128.2,4.37044609665428,0,0,126,0,225,29,269,0,0,20,0,143,8,649.6,10.6865384615385,0,21,0,26,0,26,128,0,15,0,26,0,10,836,64,47,380,47,20.7
17.3121621621622,0,20,0,37,37,185,51,0,5,0,37,107.4,14.7439393939394,0,20,0,33,33,152,18,0,7,0,33,76.8,2.43953068592058,0,10,156,0,174,92,277,0,3,16,0,126,73,408.5,13.2666666666667,0,12,0,18,0,18,134,0,5,0,18,0,12.1,895,57,53,432,30,19.3
22.6833333333333,7,21,0,27,27,189,44,5,6,0,27,10.3,17.025,0,16,0,26,26,163,18,0,10,0,26,19.6,1.23180272108844,1,41,136,0,150,143,294,1,10,18,0,150,99,505.8,13.0833333333333,0,12,0,18,0,18,145,0,12,0,18,0,23.5,980,55,42,471,30,16.4
20.7793103448276,1,20,0,29,29,179,47,1,12,0,29,30.6,17.1407407407407,1,17,0,27,27,152,20,1,8,0,27,41.2,4.11003460207612,0,21,153,0,183,105,289,0,14,20,0,162,105,582.1,11.9575,0,11,0,20,0,20,132,0,3,0,20,0,26.1,990,50,45,462,31,18.7
17.2192307692308,0,27,0,39,39,189,48,0,9,0,39,89.3,15.8224137931034,0,18,0,29,29,160,19,0,7,0,29,78.1,2.05501792114695,0,16,118,0,142,133,279,0,6,7,0,140,99,677,12.6789473684211,0,13,0,19,0,19,141,0,4,0,19,0,33.6,913,66,47,409,32,20.8
18.6042857142857,0,25,0,35,35,173,40,0,7,0,35,19.1,17.3038461538462,0,16,0,26,26,147,14,0,10,0,26,27.8,3.64224137931034,0,16,159,0,178,108,290,0,5,19,0,157,108,474.9,15.0785714285714,0,10,0,14,0,14,133,0,4,0,14,0,14.9,972,60,42,461,24,24.6
20.9551724137931,1,23,0,29,29,185,51,1,8,0,29,38.2,13.7972972972973,0,15,0,37,37,148,14,0,4,0,37,70.6,4.01175438596491,0,12,159,0,221,42,285,0,4,16,0,165,19,478.7,15.4821428571429,0,9,0,14,0,14,134,0,5,0,14,0,15.6,864,53,52,434,23,19.9
16.55,0,27,0,40,40,194,49,0,10,0,40,81.7,15.5709677419355,0,15,0,31,31,163,18,0,5,0,31,74.3,4.66413043478261,0,3,139,0,218,50,276,0,2,20,0,186,29,465.6,12.9333333333333,0,11,0,18,0,18,145,0,4,0,18,0,9,897,67,46,410,29,19.5
18.0958333333333,0,22,0,36,36,180,45,0,10,0,36,127.9,15.7,0,16,1,29,29,151,16,0,4,1,29,116.8,3.25157894736842,0,15,157,1,183,89,285,0,8,22,1,138,45,486.9,14.35,0,14,0,16,0,16,135,0,9,0,16,0,11,898,58,46,445,30,18.9
16.9012820512821,0,22,0,39,39,188,52,0,4,0,39,88.1,14.9796875,0,14,0,32,32,156,20,0,5,0,32,97.8,3.1735401459854,0,7,122,0,183,86,274,0,4,10,0,87,73,604.9,12.205,0,14,0,20,0,20,136,0,9,0,20,0,14.7,822,61,46,398,34,21
20.5433333333333,1,21,0,30,30,180,43,1,13,0,30,74.7,15.6516666666667,0,23,0,30,30,150,13,0,11,0,30,36.5,3.97842465753425,0,16,164,0,194,95,292,0,7,17,0,166,71,391.3,16.3576923076923,0,13,0,13,0,13,137,0,13,0,13,0,0,972,52,53,469,26,23
